subplotxc,BS,CBS,CTRS,DTT,ESSQ,FSGSQ,HTSQ,LETRS?,LGTRS,LSQ,LTG,MFR,MR,PR,PTSQ,RR,RS,SLTRS,SS,WH,unknown
E1-1_sp1_c2011,0.0,1.0,0.0,0.0,0.0,0.0,0.0,0.0,0.0,0.0,5.0,0.0,3.0,0.0,0.0,0.0,11.0,0.0,2.0,10.0,0.0
E1-1_sp1_c2012,0.0,0.0,0.0,0.0,0.0,0.0,0.0,0.0,1.0,2.0,1.0,0.0,1.0,0.0,0.0,1.0,3.0,0.0,2.0,10.0,0.0
E1-1_sp1_c2014,0.0,0.0,0.0,0.0,0.0,0.0,0.0,0.0,0.0,2.0,0.0,0.0,0.0,0.0,0.0,0.0,1.0,1.0,2.0,3.0,0.0
E1-1_sp1_c2015,0.0,0.0,1.0,0.0,0.0,0.0,0.0,0.0,1.0,2.0,0.0,0.0,0.0,0.0,0.0,0.0,3.0,1.0,6.0,5.0,0.0
E1-1_sp1_c2016,0.0,0.0,0.0,0.0,0.0,0.0,0.0,0.0,0.0,0.0,7.0,0.0,0.0,0.0,0.0,0.0,7.0,0.0,0.0,8.0,0.0
E1-1_sp1_c2017,0.0,0.0,0.0,0.0,0.0,1.0,0.0,0.0,0.0,4.0,1.0,0.0,0.0,0.0,0.0,0.0,2.0,0.0,1.0,6.0,1.0
E1-1_sp2_c2011,0.0,0.0,0.0,1.0,0.0,0.0,0.0,0.0,0.0,1.0,4.0,0.0,4.0,2.0,0.0,0.0,6.0,0.0,2.0,9.0,0.0
E1-1_sp2_c2012,0.0,0.0,0.0,2.0,0.0,0.0,0.0,0.0,1.0,1.0,0.0,0.0,0.0,2.0,0.0,1.0,0.0,0.0,3.0,12.0,0.0
E1-1_sp2_c2014,0.0,0.0,1.0,1.0,0.0,0.0,0.0,0.0,0.0,0.0,2.0,0.0,0.0,0.0,0.0,0.0,0.0,0.0,2.0,2.0,0.0
E1-1_sp2_c2015,0.0,0.0,0.0,0.0,1.0,0.0,0.0,1.0,1.0,2.0,0.0,0.0,0.0,0.0,0.0,0.0,0.0,2.0,9.0,7.0,0.0
E1-1_sp2_c2016,0.0,0.0,0.0,1.0,0.0,0.0,0.0,0.0,0.0,2.0,4.0,0.0,3.0,0.0,0.0,0.0,4.0,0.0,0.0,2.0,0.0
E1-1_sp2_c2017,0.0,0.0,0.0,0.0,0.0,0.0,0.0,0.0,0.0,0.0,0.0,0.0,2.0,2.0,0.0,0.0,1.0,0.0,2.0,8.0,0.0
E1-1_sp3_c2011,0.0,0.0,0.0,1.0,0.0,0.0,0.0,0.0,0.0,0.0,4.0,0.0,1.0,2.0,0.0,3.0,9.0,0.0,2.0,14.0,0.0
E1-1_sp3_c2012,0.0,0.0,1.0,2.0,0.0,0.0,0.0,0.0,1.0,1.0,3.0,0.0,2.0,0.0,0.0,0.0,2.0,1.0,3.0,5.0,0.0
E1-1_sp3_c2014,0.0,0.0,0.0,0.0,0.0,0.0,0.0,0.0,0.0,0.0,0.0,0.0,1.0,0.0,0.0,0.0,0.0,0.0,1.0,2.0,0.0
E1-1_sp3_c2015,0.0,0.0,0.0,2.0,0.0,0.0,0.0,0.0,0.0,1.0,1.0,0.0,1.0,0.0,0.0,0.0,3.0,4.0,3.0,4.0,0.0
E1-1_sp3_c2016,0.0,0.0,0.0,0.0,0.0,0.0,0.0,0.0,0.0,1.0,2.0,0.0,1.0,0.0,0.0,0.0,3.0,1.0,0.0,5.0,0.0
E1-1_sp3_c2017,0.0,0.0,0.0,1.0,0.0,0.0,0.0,0.0,1.0,0.0,1.0,0.0,0.0,1.0,0.0,0.0,2.0,1.0,1.0,6.0,1.0
E1-1_sp4_c2011,0.0,0.0,0.0,1.0,0.0,0.0,0.0,0.0,0.0,1.0,7.0,0.0,5.0,4.0,0.0,2.0,6.0,0.0,2.0,4.0,0.0
E1-1_sp4_c2012,0.0,0.0,1.0,3.0,0.0,0.0,0.0,0.0,1.0,3.0,1.0,0.0,1.0,2.0,0.0,1.0,1.0,1.0,5.0,15.0,0.0
E1-1_sp4_c2014,0.0,0.0,0.0,1.0,0.0,0.0,0.0,0.0,0.0,0.0,0.0,0.0,0.0,0.0,0.0,0.0,1.0,0.0,4.0,0.0,0.0
E1-1_sp4_c2015,0.0,0.0,1.0,1.0,0.0,0.0,0.0,0.0,2.0,1.0,1.0,0.0,1.0,0.0,0.0,0.0,2.0,2.0,5.0,4.0,0.0
E1-1_sp4_c2016,0.0,0.0,0.0,0.0,0.0,0.0,0.0,0.0,0.0,0.0,3.0,0.0,2.0,0.0,0.0,0.0,3.0,1.0,0.0,2.0,0.0
E1-1_sp4_c2017,0.0,0.0,0.0,3.0,0.0,0.0,0.0,0.0,1.0,0.0,0.0,0.0,0.0,0.0,0.0,0.0,3.0,1.0,1.0,6.0,0.0
E1-1_sp5_c2011,0.0,1.0,0.0,1.0,0.0,0.0,0.0,0.0,6.0,1.0,2.0,0.0,3.0,2.0,0.0,2.0,14.0,0.0,3.0,10.0,0.0
E1-1_sp5_c2012,0.0,0.0,1.0,2.0,0.0,0.0,0.0,0.0,0.0,1.0,2.0,0.0,0.0,1.0,0.0,2.0,5.0,0.0,3.0,9.0,0.0
E1-1_sp5_c2014,0.0,0.0,0.0,0.0,0.0,0.0,0.0,0.0,0.0,1.0,0.0,0.0,0.0,0.0,0.0,0.0,2.0,0.0,1.0,2.0,0.0
E1-1_sp5_c2015,0.0,0.0,2.0,2.0,0.0,0.0,0.0,0.0,2.0,2.0,2.0,0.0,2.0,0.0,0.0,0.0,2.0,2.0,8.0,4.0,0.0
E1-1_sp5_c2016,0.0,0.0,0.0,0.0,0.0,0.0,0.0,0.0,0.0,0.0,2.0,0.0,1.0,0.0,0.0,0.0,2.0,0.0,0.0,5.0,0.0
E1-1_sp5_c2017,0.0,0.0,0.0,3.0,0.0,0.0,0.0,0.0,0.0,1.0,0.0,0.0,1.0,1.0,0.0,0.0,1.0,0.0,0.0,3.0,0.0
E1-1_sp6_c2011,0.0,1.0,0.0,1.0,0.0,0.0,0.0,0.0,0.0,0.0,12.0,0.0,8.0,0.0,0.0,3.0,15.0,0.0,1.0,5.0,0.0
E1-1_sp6_c2012,0.0,0.0,0.0,4.0,0.0,0.0,0.0,0.0,2.0,2.0,1.0,0.0,1.0,3.0,0.0,1.0,0.0,1.0,2.0,10.0,0.0
E1-1_sp6_c2014,0.0,0.0,0.0,0.0,0.0,0.0,0.0,0.0,0.0,0.0,0.0,0.0,0.0,0.0,0.0,0.0,1.0,2.0,2.0,1.0,0.0
E1-1_sp6_c2015,0.0,0.0,0.0,1.0,0.0,0.0,0.0,0.0,0.0,2.0,1.0,0.0,3.0,0.0,0.0,0.0,3.0,1.0,2.0,10.0,0.0
E1-1_sp6_c2016,0.0,0.0,1.0,0.0,0.0,0.0,0.0,0.0,0.0,1.0,3.0,0.0,3.0,0.0,0.0,0.0,3.0,1.0,0.0,3.0,0.0
E1-1_sp6_c2017,0.0,0.0,0.0,0.0,0.0,0.0,0.0,0.0,3.0,1.0,0.0,0.0,0.0,0.0,0.0,0.0,3.0,0.0,0.0,4.0,0.0
E1-1_sp7_c2011,0.0,0.0,0.0,0.0,0.0,0.0,0.0,0.0,2.0,0.0,6.0,0.0,7.0,0.0,0.0,5.0,11.0,2.0,4.0,7.0,0.0
E1-1_sp7_c2012,0.0,0.0,2.0,3.0,1.0,0.0,0.0,0.0,2.0,2.0,2.0,0.0,2.0,1.0,0.0,0.0,4.0,0.0,6.0,8.0,0.0
E1-1_sp7_c2014,0.0,0.0,0.0,0.0,0.0,0.0,0.0,0.0,0.0,1.0,1.0,0.0,0.0,0.0,0.0,0.0,3.0,0.0,5.0,2.0,0.0
E1-1_sp7_c2015,0.0,0.0,1.0,3.0,0.0,0.0,0.0,0.0,1.0,1.0,2.0,0.0,1.0,0.0,0.0,0.0,3.0,4.0,6.0,3.0,0.0
E1-1_sp7_c2016,0.0,0.0,0.0,0.0,1.0,0.0,0.0,0.0,0.0,1.0,3.0,0.0,2.0,0.0,0.0,0.0,5.0,0.0,0.0,5.0,0.0
E1-1_sp7_c2017,0.0,0.0,0.0,2.0,0.0,0.0,0.0,0.0,1.0,1.0,0.0,0.0,1.0,1.0,0.0,0.0,0.0,0.0,1.0,1.0,0.0
E1-2_sp1_c2011,0.0,0.0,0.0,3.0,0.0,0.0,0.0,0.0,0.0,0.0,8.0,0.0,1.0,0.0,0.0,4.0,11.0,1.0,1.0,12.0,0.0
E1-2_sp1_c2012,0.0,0.0,2.0,1.0,0.0,1.0,0.0,0.0,0.0,3.0,2.0,0.0,1.0,0.0,0.0,0.0,6.0,0.0,2.0,14.0,0.0
E1-2_sp1_c2014,0.0,0.0,1.0,1.0,0.0,0.0,0.0,0.0,0.0,1.0,0.0,0.0,1.0,0.0,0.0,0.0,4.0,0.0,0.0,3.0,0.0
E1-2_sp1_c2015,0.0,0.0,2.0,0.0,0.0,0.0,0.0,0.0,0.0,2.0,0.0,0.0,0.0,0.0,0.0,0.0,1.0,2.0,2.0,3.0,0.0
E1-2_sp1_c2016,0.0,0.0,1.0,1.0,0.0,0.0,0.0,0.0,1.0,3.0,0.0,0.0,0.0,0.0,0.0,0.0,2.0,2.0,0.0,14.0,0.0
E1-2_sp2_c2011,0.0,0.0,0.0,6.0,0.0,0.0,0.0,0.0,1.0,1.0,8.0,0.0,2.0,0.0,0.0,1.0,7.0,0.0,3.0,12.0,0.0
E1-2_sp2_c2012,0.0,0.0,1.0,8.0,0.0,0.0,0.0,0.0,0.0,1.0,1.0,0.0,3.0,0.0,0.0,0.0,0.0,1.0,4.0,12.0,1.0
E1-2_sp2_c2014,0.0,0.0,0.0,1.0,0.0,0.0,0.0,0.0,0.0,2.0,0.0,0.0,0.0,0.0,0.0,0.0,3.0,1.0,0.0,2.0,0.0
E1-2_sp2_c2015,0.0,0.0,0.0,0.0,0.0,0.0,0.0,0.0,3.0,2.0,2.0,0.0,0.0,0.0,0.0,0.0,1.0,0.0,1.0,2.0,0.0
E1-2_sp2_c2016,0.0,0.0,0.0,0.0,0.0,0.0,0.0,0.0,1.0,2.0,1.0,0.0,1.0,1.0,0.0,0.0,1.0,0.0,0.0,8.0,0.0
E1-2_sp3_c2011,0.0,0.0,0.0,3.0,0.0,0.0,0.0,0.0,1.0,0.0,5.0,0.0,2.0,0.0,0.0,1.0,5.0,1.0,4.0,14.0,0.0
E1-2_sp3_c2012,0.0,0.0,0.0,3.0,0.0,0.0,0.0,0.0,0.0,1.0,1.0,0.0,0.0,1.0,0.0,1.0,6.0,3.0,3.0,8.0,0.0
E1-2_sp3_c2014,0.0,0.0,1.0,1.0,0.0,0.0,0.0,0.0,0.0,0.0,0.0,0.0,0.0,0.0,0.0,0.0,3.0,1.0,2.0,4.0,0.0
E1-2_sp3_c2015,0.0,0.0,1.0,0.0,0.0,0.0,0.0,0.0,0.0,2.0,0.0,0.0,0.0,0.0,0.0,0.0,2.0,2.0,1.0,3.0,0.0
E1-2_sp3_c2016,0.0,0.0,1.0,1.0,0.0,0.0,0.0,0.0,1.0,1.0,0.0,0.0,1.0,1.0,0.0,0.0,2.0,1.0,0.0,8.0,0.0
E1-2_sp4_c2011,0.0,0.0,1.0,1.0,0.0,0.0,0.0,0.0,1.0,0.0,6.0,0.0,5.0,1.0,0.0,2.0,11.0,1.0,3.0,7.0,0.0
E1-2_sp4_c2012,0.0,0.0,0.0,2.0,0.0,0.0,0.0,0.0,1.0,0.0,3.0,0.0,4.0,0.0,0.0,2.0,3.0,0.0,1.0,9.0,0.0
E1-2_sp4_c2014,0.0,1.0,0.0,4.0,0.0,0.0,0.0,0.0,0.0,1.0,0.0,0.0,0.0,0.0,0.0,0.0,2.0,0.0,1.0,4.0,0.0
E1-2_sp4_c2015,0.0,0.0,1.0,0.0,0.0,0.0,0.0,0.0,2.0,3.0,0.0,0.0,1.0,0.0,0.0,0.0,4.0,0.0,1.0,4.0,0.0
E1-2_sp4_c2016,0.0,0.0,0.0,1.0,0.0,0.0,0.0,0.0,1.0,6.0,0.0,0.0,0.0,1.0,0.0,0.0,2.0,1.0,0.0,8.0,0.0
E1-2_sp5_c2011,0.0,0.0,0.0,3.0,1.0,0.0,0.0,0.0,1.0,0.0,6.0,0.0,1.0,2.0,0.0,3.0,2.0,1.0,3.0,15.0,0.0
E1-2_sp5_c2012,1.0,0.0,0.0,5.0,0.0,0.0,0.0,0.0,1.0,1.0,2.0,0.0,2.0,0.0,0.0,0.0,4.0,1.0,5.0,13.0,0.0
E1-2_sp5_c2014,0.0,0.0,1.0,0.0,0.0,0.0,0.0,0.0,0.0,1.0,0.0,0.0,0.0,0.0,0.0,0.0,3.0,0.0,1.0,3.0,0.0
E1-2_sp5_c2015,0.0,0.0,1.0,0.0,0.0,0.0,0.0,0.0,0.0,1.0,2.0,0.0,0.0,0.0,0.0,0.0,2.0,1.0,2.0,8.0,0.0
E1-2_sp5_c2016,0.0,0.0,0.0,5.0,0.0,0.0,0.0,0.0,3.0,4.0,0.0,0.0,1.0,0.0,0.0,0.0,1.0,2.0,0.0,5.0,0.0
E1-2_sp6_c2011,0.0,0.0,1.0,5.0,0.0,0.0,0.0,0.0,0.0,1.0,3.0,0.0,4.0,1.0,0.0,4.0,13.0,2.0,3.0,7.0,0.0
E1-2_sp6_c2012,0.0,0.0,1.0,9.0,1.0,0.0,0.0,1.0,1.0,0.0,3.0,0.0,2.0,0.0,0.0,1.0,2.0,1.0,4.0,7.0,0.0
E1-2_sp6_c2014,0.0,1.0,0.0,3.0,0.0,0.0,0.0,0.0,1.0,0.0,0.0,0.0,0.0,0.0,0.0,0.0,2.0,0.0,3.0,4.0,0.0
E1-2_sp6_c2015,0.0,0.0,0.0,0.0,0.0,0.0,0.0,0.0,0.0,1.0,0.0,0.0,0.0,0.0,0.0,0.0,3.0,0.0,2.0,7.0,0.0
E1-2_sp6_c2016,0.0,0.0,1.0,0.0,0.0,0.0,0.0,0.0,1.0,2.0,0.0,0.0,0.0,0.0,0.0,0.0,1.0,1.0,0.0,6.0,2.0
E1-2_sp7_c2011,0.0,0.0,0.0,3.0,0.0,0.0,0.0,1.0,1.0,1.0,6.0,0.0,4.0,2.0,0.0,2.0,11.0,0.0,4.0,14.0,0.0
E1-2_sp7_c2012,0.0,0.0,0.0,2.0,0.0,0.0,0.0,0.0,1.0,3.0,2.0,0.0,1.0,2.0,0.0,1.0,5.0,0.0,1.0,6.0,0.0
E1-2_sp7_c2014,0.0,1.0,0.0,1.0,0.0,0.0,0.0,0.0,0.0,0.0,0.0,0.0,0.0,0.0,0.0,0.0,4.0,0.0,1.0,2.0,0.0
E1-2_sp7_c2015,0.0,0.0,0.0,2.0,0.0,0.0,0.0,0.0,1.0,1.0,2.0,0.0,0.0,0.0,0.0,0.0,4.0,1.0,3.0,4.0,0.0
E1-2_sp7_c2016,0.0,0.0,2.0,4.0,0.0,0.0,0.0,0.0,1.0,2.0,0.0,0.0,2.0,0.0,0.0,0.0,2.0,1.0,0.0,10.0,0.0
E10-1_sp1_c2011,0.0,0.0,0.0,1.0,0.0,0.0,0.0,0.0,0.0,0.0,2.0,0.0,1.0,2.0,0.0,1.0,5.0,0.0,5.0,4.0,0.0
E10-1_sp1_c2012,0.0,0.0,0.0,1.0,0.0,0.0,0.0,0.0,0.0,0.0,1.0,0.0,2.0,0.0,0.0,0.0,1.0,0.0,4.0,5.0,1.0
E10-1_sp1_c2014,0.0,0.0,0.0,1.0,0.0,0.0,0.0,0.0,1.0,0.0,1.0,0.0,0.0,0.0,0.0,0.0,1.0,0.0,1.0,0.0,0.0
E10-1_sp1_c2015,0.0,0.0,0.0,0.0,0.0,0.0,0.0,0.0,0.0,1.0,0.0,0.0,0.0,0.0,0.0,0.0,3.0,0.0,0.0,2.0,0.0
E10-1_sp1_c2016,0.0,0.0,0.0,0.0,0.0,0.0,0.0,0.0,0.0,2.0,1.0,0.0,2.0,0.0,0.0,0.0,2.0,0.0,2.0,6.0,0.0
E10-1_sp2_c2011,0.0,0.0,0.0,0.0,0.0,0.0,0.0,0.0,0.0,1.0,1.0,0.0,2.0,2.0,0.0,1.0,4.0,1.0,4.0,4.0,0.0
E10-1_sp2_c2012,0.0,0.0,0.0,2.0,0.0,0.0,0.0,0.0,0.0,0.0,0.0,0.0,0.0,0.0,0.0,0.0,1.0,1.0,2.0,5.0,0.0
E10-1_sp2_c2014,0.0,0.0,0.0,0.0,0.0,0.0,0.0,0.0,1.0,0.0,1.0,0.0,0.0,0.0,0.0,0.0,0.0,0.0,2.0,1.0,0.0
E10-1_sp2_c2015,0.0,0.0,0.0,0.0,0.0,0.0,0.0,0.0,1.0,2.0,0.0,0.0,1.0,0.0,0.0,0.0,3.0,0.0,0.0,4.0,0.0
E10-1_sp2_c2016,0.0,0.0,0.0,1.0,0.0,0.0,0.0,0.0,1.0,1.0,0.0,0.0,2.0,2.0,0.0,0.0,4.0,0.0,4.0,13.0,0.0
E10-1_sp3_c2011,0.0,0.0,1.0,3.0,0.0,0.0,0.0,0.0,0.0,4.0,3.0,0.0,2.0,2.0,0.0,2.0,2.0,0.0,4.0,7.0,0.0
E10-1_sp3_c2012,0.0,0.0,1.0,3.0,0.0,0.0,0.0,0.0,1.0,0.0,1.0,0.0,1.0,0.0,0.0,0.0,1.0,0.0,3.0,1.0,0.0
E10-1_sp3_c2014,0.0,0.0,2.0,0.0,0.0,0.0,0.0,0.0,1.0,2.0,0.0,0.0,0.0,0.0,0.0,0.0,3.0,2.0,1.0,1.0,0.0
E10-1_sp3_c2015,0.0,0.0,0.0,0.0,0.0,0.0,0.0,0.0,0.0,0.0,0.0,0.0,5.0,0.0,0.0,0.0,4.0,0.0,0.0,7.0,0.0
E10-1_sp3_c2016,0.0,0.0,0.0,1.0,0.0,0.0,0.0,0.0,0.0,3.0,1.0,0.0,2.0,0.0,0.0,0.0,5.0,0.0,3.0,6.0,0.0
E10-1_sp4_c2011,0.0,0.0,0.0,2.0,0.0,0.0,0.0,0.0,0.0,0.0,2.0,0.0,3.0,1.0,0.0,5.0,5.0,0.0,5.0,5.0,0.0
E10-1_sp4_c2012,0.0,0.0,2.0,3.0,0.0,0.0,0.0,0.0,0.0,3.0,0.0,0.0,0.0,1.0,0.0,0.0,1.0,1.0,3.0,4.0,0.0
E10-1_sp4_c2014,0.0,0.0,1.0,1.0,0.0,0.0,0.0,0.0,0.0,1.0,0.0,0.0,0.0,0.0,0.0,0.0,1.0,0.0,1.0,2.0,0.0
E10-1_sp4_c2015,0.0,0.0,0.0,1.0,0.0,0.0,0.0,0.0,1.0,1.0,0.0,0.0,3.0,0.0,0.0,0.0,5.0,2.0,1.0,6.0,0.0
E10-1_sp4_c2016,0.0,0.0,0.0,1.0,0.0,0.0,0.0,0.0,0.0,0.0,1.0,0.0,3.0,1.0,0.0,0.0,2.0,0.0,4.0,13.0,0.0
E10-1_sp5_c2011,0.0,0.0,0.0,2.0,0.0,0.0,0.0,0.0,0.0,1.0,2.0,0.0,2.0,0.0,0.0,2.0,5.0,2.0,6.0,6.0,0.0
E10-1_sp5_c2012,0.0,0.0,1.0,3.0,0.0,0.0,0.0,0.0,1.0,1.0,0.0,0.0,1.0,0.0,0.0,0.0,1.0,0.0,1.0,1.0,0.0
E10-1_sp5_c2014,0.0,0.0,1.0,0.0,0.0,0.0,0.0,0.0,0.0,0.0,1.0,0.0,0.0,0.0,0.0,0.0,1.0,0.0,1.0,0.0,0.0
E10-1_sp5_c2015,0.0,0.0,0.0,1.0,0.0,0.0,0.0,0.0,1.0,1.0,3.0,0.0,2.0,1.0,0.0,0.0,5.0,0.0,0.0,7.0,0.0
E10-1_sp5_c2016,0.0,0.0,1.0,1.0,0.0,0.0,0.0,0.0,1.0,3.0,0.0,0.0,3.0,0.0,0.0,0.0,4.0,0.0,1.0,10.0,0.0
E10-1_sp6_c2011,0.0,0.0,0.0,3.0,0.0,0.0,0.0,0.0,0.0,0.0,2.0,0.0,2.0,3.0,0.0,0.0,8.0,0.0,6.0,7.0,0.0
E10-1_sp6_c2012,0.0,0.0,0.0,5.0,1.0,0.0,0.0,0.0,2.0,1.0,0.0,0.0,1.0,1.0,0.0,0.0,1.0,2.0,3.0,3.0,0.0
E10-1_sp6_c2014,0.0,0.0,1.0,0.0,0.0,0.0,0.0,0.0,0.0,0.0,2.0,0.0,0.0,0.0,0.0,0.0,2.0,0.0,3.0,2.0,0.0
E10-1_sp6_c2015,0.0,0.0,1.0,3.0,0.0,0.0,0.0,0.0,0.0,1.0,1.0,0.0,3.0,1.0,0.0,0.0,5.0,0.0,1.0,9.0,0.0
E10-1_sp6_c2016,0.0,0.0,0.0,2.0,0.0,0.0,0.0,0.0,0.0,2.0,2.0,0.0,3.0,0.0,0.0,0.0,4.0,0.0,2.0,8.0,0.0
E10-1_sp7_c2011,0.0,0.0,0.0,1.0,0.0,0.0,0.0,0.0,1.0,3.0,1.0,0.0,4.0,1.0,0.0,0.0,5.0,0.0,4.0,2.0,0.0
E10-1_sp7_c2012,0.0,0.0,1.0,2.0,1.0,0.0,0.0,0.0,1.0,0.0,0.0,0.0,2.0,1.0,0.0,0.0,1.0,2.0,1.0,3.0,0.0
E10-1_sp7_c2014,0.0,0.0,0.0,1.0,0.0,0.0,0.0,0.0,0.0,1.0,2.0,0.0,0.0,0.0,0.0,0.0,2.0,0.0,1.0,1.0,0.0
E10-1_sp7_c2015,0.0,0.0,0.0,0.0,0.0,0.0,0.0,0.0,0.0,3.0,2.0,0.0,6.0,0.0,0.0,0.0,5.0,0.0,1.0,5.0,0.0
E10-1_sp7_c2016,0.0,0.0,0.0,0.0,0.0,0.0,0.0,0.0,1.0,0.0,0.0,0.0,4.0,2.0,0.0,0.0,1.0,0.0,2.0,7.0,0.0
E10-2_sp1_c2011,0.0,0.0,0.0,1.0,0.0,0.0,0.0,0.0,0.0,1.0,1.0,0.0,2.0,0.0,0.0,0.0,8.0,0.0,0.0,3.0,0.0
E10-2_sp1_c2012,0.0,0.0,0.0,0.0,0.0,0.0,0.0,0.0,0.0,4.0,1.0,0.0,0.0,0.0,0.0,0.0,9.0,0.0,4.0,1.0,0.0
E10-2_sp1_c2014,0.0,0.0,1.0,0.0,0.0,0.0,0.0,0.0,0.0,0.0,0.0,0.0,0.0,0.0,0.0,0.0,2.0,0.0,1.0,0.0,0.0
E10-2_sp1_c2015,0.0,1.0,0.0,2.0,0.0,0.0,0.0,0.0,1.0,0.0,0.0,0.0,0.0,0.0,0.0,0.0,6.0,0.0,0.0,6.0,0.0
E10-2_sp1_c2016,0.0,0.0,0.0,0.0,0.0,0.0,0.0,0.0,0.0,2.0,0.0,0.0,1.0,0.0,0.0,0.0,5.0,0.0,0.0,6.0,0.0
E10-2_sp1_c2017,0.0,0.0,0.0,2.0,0.0,0.0,0.0,0.0,1.0,2.0,0.0,0.0,1.0,0.0,0.0,0.0,4.0,0.0,0.0,3.0,0.0
E10-2_sp2_c2011,0.0,0.0,0.0,2.0,0.0,0.0,0.0,0.0,0.0,0.0,1.0,0.0,0.0,0.0,0.0,0.0,11.0,0.0,4.0,4.0,0.0
E10-2_sp2_c2012,0.0,0.0,1.0,0.0,0.0,0.0,0.0,0.0,2.0,0.0,0.0,0.0,0.0,0.0,0.0,0.0,1.0,2.0,3.0,1.0,0.0
E10-2_sp2_c2014,0.0,0.0,0.0,1.0,0.0,0.0,0.0,0.0,0.0,0.0,0.0,0.0,0.0,0.0,0.0,0.0,2.0,0.0,1.0,0.0,0.0
E10-2_sp2_c2015,0.0,0.0,0.0,2.0,0.0,0.0,0.0,0.0,0.0,0.0,0.0,0.0,1.0,0.0,0.0,0.0,4.0,0.0,3.0,4.0,0.0
E10-2_sp2_c2016,0.0,0.0,0.0,0.0,0.0,0.0,0.0,0.0,0.0,2.0,0.0,0.0,0.0,1.0,0.0,0.0,2.0,0.0,0.0,10.0,0.0
E10-2_sp2_c2017,0.0,0.0,0.0,0.0,0.0,0.0,0.0,0.0,0.0,2.0,1.0,0.0,0.0,0.0,0.0,0.0,2.0,0.0,0.0,2.0,1.0
E10-2_sp3_c2011,0.0,0.0,0.0,1.0,0.0,0.0,0.0,0.0,0.0,1.0,1.0,0.0,2.0,1.0,0.0,0.0,6.0,0.0,0.0,4.0,0.0
E10-2_sp3_c2012,0.0,0.0,0.0,1.0,1.0,0.0,0.0,1.0,0.0,2.0,0.0,0.0,0.0,0.0,0.0,0.0,11.0,0.0,3.0,1.0,0.0
E10-2_sp3_c2014,0.0,0.0,0.0,1.0,0.0,0.0,0.0,0.0,1.0,1.0,0.0,0.0,0.0,0.0,0.0,0.0,4.0,0.0,2.0,0.0,0.0
E10-2_sp3_c2015,0.0,0.0,0.0,2.0,0.0,0.0,1.0,0.0,0.0,0.0,0.0,0.0,0.0,0.0,0.0,0.0,5.0,0.0,1.0,5.0,0.0
E10-2_sp3_c2016,0.0,0.0,0.0,2.0,0.0,0.0,0.0,0.0,1.0,2.0,1.0,0.0,0.0,2.0,0.0,0.0,2.0,0.0,0.0,2.0,0.0
E10-2_sp3_c2017,0.0,0.0,0.0,0.0,0.0,0.0,0.0,0.0,1.0,0.0,2.0,0.0,0.0,0.0,0.0,0.0,3.0,0.0,0.0,4.0,0.0
E10-2_sp4_c2011,0.0,0.0,1.0,3.0,0.0,0.0,0.0,0.0,1.0,0.0,0.0,0.0,1.0,0.0,0.0,0.0,10.0,0.0,2.0,1.0,0.0
E10-2_sp4_c2012,0.0,0.0,1.0,0.0,0.0,0.0,0.0,0.0,0.0,1.0,2.0,0.0,0.0,0.0,0.0,0.0,3.0,0.0,4.0,2.0,0.0
E10-2_sp4_c2014,0.0,0.0,1.0,1.0,0.0,0.0,0.0,1.0,0.0,0.0,0.0,0.0,0.0,0.0,0.0,0.0,3.0,0.0,0.0,0.0,0.0
E10-2_sp4_c2015,0.0,0.0,0.0,3.0,0.0,0.0,0.0,0.0,0.0,0.0,0.0,0.0,1.0,0.0,0.0,0.0,5.0,0.0,1.0,3.0,0.0
E10-2_sp4_c2016,0.0,0.0,0.0,1.0,0.0,0.0,0.0,0.0,1.0,2.0,0.0,0.0,0.0,0.0,0.0,0.0,6.0,0.0,0.0,6.0,0.0
E10-2_sp4_c2017,0.0,0.0,1.0,0.0,0.0,0.0,0.0,0.0,0.0,0.0,1.0,0.0,1.0,1.0,0.0,0.0,3.0,0.0,0.0,3.0,0.0
E10-2_sp5_c2011,0.0,0.0,2.0,2.0,1.0,1.0,0.0,0.0,1.0,0.0,2.0,0.0,0.0,0.0,0.0,0.0,7.0,1.0,1.0,4.0,0.0
E10-2_sp5_c2012,0.0,0.0,1.0,0.0,0.0,0.0,0.0,0.0,2.0,0.0,3.0,0.0,0.0,0.0,0.0,0.0,8.0,1.0,2.0,2.0,0.0
E10-2_sp5_c2014,0.0,0.0,1.0,1.0,0.0,0.0,0.0,0.0,0.0,1.0,0.0,0.0,0.0,0.0,0.0,0.0,3.0,0.0,0.0,2.0,0.0
E10-2_sp5_c2015,0.0,0.0,0.0,2.0,0.0,0.0,0.0,0.0,1.0,1.0,0.0,0.0,0.0,0.0,0.0,0.0,3.0,0.0,2.0,8.0,0.0
E10-2_sp5_c2016,0.0,0.0,2.0,3.0,0.0,0.0,0.0,0.0,0.0,1.0,1.0,0.0,1.0,0.0,0.0,0.0,1.0,0.0,0.0,0.0,0.0
E10-2_sp5_c2017,0.0,0.0,0.0,3.0,0.0,0.0,0.0,0.0,0.0,2.0,2.0,0.0,2.0,0.0,0.0,0.0,2.0,0.0,2.0,1.0,0.0
E10-2_sp6_c2011,0.0,0.0,0.0,1.0,2.0,0.0,0.0,0.0,1.0,1.0,1.0,0.0,1.0,0.0,0.0,1.0,6.0,1.0,0.0,1.0,0.0
E10-2_sp6_c2012,0.0,0.0,2.0,0.0,0.0,0.0,0.0,1.0,0.0,2.0,2.0,0.0,0.0,0.0,0.0,0.0,4.0,1.0,3.0,1.0,0.0
E10-2_sp6_c2014,0.0,0.0,1.0,2.0,1.0,0.0,0.0,0.0,2.0,1.0,0.0,0.0,0.0,0.0,0.0,0.0,1.0,0.0,1.0,1.0,0.0
E10-2_sp6_c2015,0.0,0.0,0.0,1.0,1.0,0.0,0.0,0.0,0.0,1.0,1.0,0.0,1.0,0.0,0.0,0.0,4.0,0.0,1.0,3.0,0.0
E10-2_sp6_c2016,0.0,0.0,0.0,1.0,0.0,0.0,0.0,0.0,1.0,2.0,0.0,0.0,3.0,0.0,0.0,0.0,1.0,0.0,0.0,5.0,1.0
E10-2_sp6_c2017,0.0,0.0,0.0,2.0,0.0,0.0,0.0,0.0,0.0,2.0,0.0,0.0,0.0,0.0,0.0,0.0,2.0,0.0,1.0,2.0,0.0
E10-2_sp7_c2011,0.0,0.0,5.0,3.0,0.0,0.0,0.0,2.0,1.0,1.0,2.0,0.0,1.0,0.0,0.0,1.0,9.0,1.0,1.0,2.0,0.0
E10-2_sp7_c2012,0.0,0.0,1.0,1.0,0.0,0.0,0.0,1.0,1.0,4.0,3.0,0.0,0.0,0.0,0.0,0.0,8.0,0.0,4.0,0.0,0.0
E10-2_sp7_c2014,0.0,0.0,1.0,0.0,0.0,0.0,0.0,0.0,2.0,0.0,0.0,0.0,0.0,0.0,0.0,0.0,4.0,1.0,1.0,0.0,0.0
E10-2_sp7_c2015,0.0,0.0,0.0,2.0,0.0,0.0,0.0,0.0,1.0,1.0,0.0,0.0,1.0,0.0,0.0,0.0,2.0,0.0,0.0,5.0,0.0
E10-2_sp7_c2016,0.0,0.0,0.0,1.0,0.0,0.0,0.0,0.0,1.0,1.0,0.0,0.0,0.0,0.0,0.0,0.0,4.0,0.0,0.0,16.0,0.0
E10-2_sp7_c2017,0.0,0.0,0.0,2.0,0.0,0.0,0.0,0.0,1.0,0.0,1.0,0.0,2.0,2.0,0.0,0.0,2.0,0.0,0.0,4.0,0.0
E100-1_sp1_c2012,0.0,0.0,0.0,0.0,0.0,0.0,0.0,0.0,0.0,0.0,0.0,0.0,1.0,0.0,0.0,0.0,7.0,0.0,2.0,3.0,0.0
E100-1_sp1_c2014,0.0,0.0,0.0,0.0,0.0,0.0,0.0,0.0,0.0,0.0,0.0,0.0,0.0,0.0,0.0,0.0,5.0,1.0,3.0,0.0,0.0
E100-1_sp1_c2015,0.0,0.0,0.0,1.0,0.0,0.0,0.0,0.0,0.0,0.0,0.0,0.0,0.0,0.0,0.0,0.0,4.0,0.0,5.0,4.0,0.0
E100-1_sp1_c2016,0.0,0.0,0.0,0.0,0.0,0.0,0.0,0.0,0.0,2.0,0.0,0.0,1.0,0.0,0.0,0.0,4.0,0.0,3.0,6.0,0.0
E100-1_sp2_c2012,0.0,0.0,0.0,0.0,0.0,0.0,0.0,0.0,0.0,0.0,0.0,0.0,1.0,0.0,0.0,0.0,3.0,0.0,5.0,0.0,0.0
E100-1_sp2_c2014,0.0,0.0,0.0,0.0,0.0,0.0,0.0,0.0,0.0,0.0,0.0,0.0,0.0,0.0,0.0,0.0,3.0,0.0,4.0,0.0,0.0
E100-1_sp2_c2015,0.0,0.0,2.0,2.0,0.0,0.0,0.0,0.0,0.0,2.0,0.0,1.0,0.0,0.0,0.0,0.0,4.0,0.0,2.0,8.0,0.0
E100-1_sp2_c2016,0.0,0.0,0.0,4.0,0.0,0.0,0.0,0.0,2.0,1.0,2.0,0.0,4.0,0.0,0.0,0.0,4.0,0.0,7.0,8.0,0.0
E100-1_sp3_c2012,0.0,0.0,0.0,0.0,0.0,0.0,0.0,0.0,0.0,0.0,0.0,0.0,0.0,0.0,0.0,0.0,6.0,0.0,1.0,3.0,0.0
E100-1_sp3_c2014,0.0,0.0,0.0,0.0,0.0,0.0,0.0,0.0,0.0,1.0,0.0,0.0,0.0,0.0,0.0,0.0,2.0,1.0,1.0,0.0,0.0
E100-1_sp3_c2015,0.0,0.0,0.0,3.0,0.0,0.0,0.0,0.0,1.0,0.0,1.0,0.0,0.0,1.0,0.0,0.0,2.0,2.0,3.0,2.0,0.0
E100-1_sp3_c2016,0.0,0.0,0.0,5.0,0.0,0.0,0.0,0.0,0.0,4.0,0.0,0.0,2.0,3.0,0.0,0.0,4.0,0.0,3.0,7.0,0.0
E100-1_sp4_c2012,0.0,0.0,0.0,1.0,0.0,0.0,0.0,0.0,0.0,0.0,0.0,0.0,1.0,0.0,0.0,0.0,1.0,0.0,3.0,2.0,0.0
E100-1_sp4_c2014,0.0,0.0,0.0,0.0,0.0,0.0,0.0,0.0,0.0,3.0,0.0,0.0,0.0,0.0,0.0,0.0,2.0,2.0,2.0,1.0,0.0
E100-1_sp4_c2015,0.0,0.0,0.0,4.0,0.0,0.0,0.0,0.0,1.0,0.0,1.0,0.0,1.0,0.0,0.0,0.0,1.0,1.0,3.0,7.0,0.0
E100-1_sp4_c2016,0.0,0.0,1.0,8.0,1.0,0.0,0.0,0.0,2.0,1.0,1.0,0.0,3.0,0.0,0.0,0.0,4.0,0.0,1.0,7.0,0.0
E100-1_sp5_c2012,0.0,0.0,1.0,0.0,0.0,0.0,0.0,0.0,0.0,0.0,0.0,0.0,0.0,0.0,0.0,0.0,2.0,0.0,2.0,3.0,0.0
E100-1_sp5_c2014,0.0,0.0,1.0,0.0,0.0,0.0,0.0,0.0,1.0,0.0,0.0,0.0,0.0,0.0,0.0,0.0,4.0,1.0,5.0,0.0,0.0
E100-1_sp5_c2015,0.0,0.0,0.0,7.0,0.0,0.0,0.0,0.0,0.0,1.0,3.0,1.0,1.0,0.0,0.0,0.0,4.0,1.0,1.0,1.0,0.0
E100-1_sp5_c2016,0.0,0.0,1.0,4.0,0.0,0.0,0.0,0.0,1.0,0.0,1.0,0.0,2.0,0.0,0.0,0.0,6.0,0.0,1.0,10.0,0.0
E100-1_sp6_c2012,0.0,0.0,0.0,0.0,0.0,0.0,0.0,0.0,0.0,0.0,1.0,0.0,1.0,0.0,0.0,0.0,6.0,0.0,3.0,1.0,0.0
E100-1_sp6_c2014,0.0,0.0,0.0,0.0,0.0,0.0,0.0,0.0,0.0,2.0,1.0,0.0,0.0,0.0,0.0,0.0,2.0,0.0,1.0,1.0,0.0
E100-1_sp6_c2015,0.0,0.0,1.0,6.0,1.0,0.0,0.0,0.0,2.0,0.0,1.0,0.0,3.0,1.0,0.0,0.0,6.0,4.0,2.0,5.0,0.0
E100-1_sp6_c2016,0.0,0.0,1.0,11.0,0.0,0.0,0.0,0.0,0.0,0.0,0.0,0.0,3.0,0.0,0.0,0.0,5.0,2.0,3.0,5.0,0.0
E100-1_sp7_c2012,0.0,0.0,0.0,2.0,0.0,0.0,0.0,0.0,0.0,0.0,0.0,0.0,1.0,0.0,0.0,0.0,3.0,0.0,6.0,1.0,0.0
E100-1_sp7_c2014,0.0,0.0,0.0,0.0,0.0,0.0,0.0,0.0,2.0,0.0,0.0,0.0,0.0,0.0,0.0,0.0,2.0,0.0,3.0,0.0,0.0
E100-1_sp7_c2015,0.0,0.0,1.0,4.0,2.0,0.0,0.0,0.0,0.0,1.0,1.0,0.0,1.0,0.0,0.0,0.0,8.0,2.0,5.0,3.0,0.0
E100-1_sp7_c2016,0.0,0.0,0.0,8.0,0.0,0.0,0.0,0.0,0.0,1.0,2.0,0.0,4.0,1.0,0.0,0.0,6.0,0.0,5.0,7.0,0.0
E100-2_sp1_c2012,1.0,0.0,0.0,1.0,0.0,0.0,0.0,0.0,0.0,0.0,0.0,0.0,0.0,0.0,0.0,0.0,6.0,0.0,0.0,2.0,0.0
E100-2_sp1_c2014,0.0,0.0,2.0,0.0,0.0,0.0,0.0,0.0,0.0,1.0,0.0,0.0,0.0,0.0,0.0,0.0,2.0,0.0,0.0,4.0,0.0
E100-2_sp1_c2015,1.0,0.0,1.0,2.0,0.0,0.0,0.0,0.0,0.0,0.0,0.0,0.0,0.0,0.0,0.0,0.0,5.0,0.0,1.0,5.0,0.0
E100-2_sp1_c2016,1.0,0.0,0.0,2.0,0.0,0.0,0.0,0.0,1.0,2.0,0.0,0.0,1.0,1.0,0.0,0.0,2.0,0.0,1.0,6.0,0.0
E100-2_sp2_c2012,0.0,0.0,1.0,0.0,0.0,0.0,0.0,0.0,0.0,0.0,3.0,0.0,0.0,0.0,0.0,0.0,1.0,0.0,1.0,0.0,0.0
E100-2_sp2_c2014,0.0,0.0,0.0,0.0,0.0,0.0,0.0,0.0,1.0,1.0,0.0,0.0,0.0,0.0,0.0,0.0,3.0,0.0,2.0,2.0,0.0
E100-2_sp2_c2015,0.0,0.0,0.0,2.0,0.0,0.0,0.0,0.0,0.0,2.0,1.0,0.0,0.0,0.0,0.0,0.0,3.0,0.0,2.0,5.0,0.0
E100-2_sp2_c2016,0.0,0.0,0.0,1.0,0.0,0.0,0.0,0.0,2.0,1.0,1.0,0.0,1.0,0.0,0.0,0.0,3.0,1.0,2.0,5.0,0.0
E100-2_sp3_c2012,0.0,0.0,1.0,0.0,0.0,0.0,0.0,0.0,0.0,0.0,0.0,0.0,1.0,0.0,0.0,0.0,4.0,0.0,1.0,1.0,0.0
E100-2_sp3_c2014,0.0,0.0,2.0,0.0,0.0,0.0,0.0,0.0,0.0,0.0,0.0,0.0,0.0,0.0,0.0,0.0,2.0,0.0,2.0,5.0,0.0
E100-2_sp3_c2015,2.0,0.0,0.0,2.0,0.0,1.0,0.0,0.0,1.0,3.0,0.0,0.0,0.0,0.0,0.0,0.0,3.0,1.0,3.0,3.0,0.0
E100-2_sp3_c2016,0.0,0.0,0.0,4.0,0.0,0.0,0.0,0.0,0.0,1.0,0.0,0.0,3.0,0.0,2.0,0.0,1.0,0.0,0.0,5.0,0.0
E100-2_sp4_c2012,0.0,0.0,0.0,1.0,0.0,0.0,0.0,0.0,0.0,0.0,2.0,0.0,0.0,0.0,0.0,2.0,1.0,0.0,0.0,1.0,0.0
E100-2_sp4_c2014,0.0,0.0,2.0,0.0,0.0,0.0,0.0,0.0,1.0,1.0,0.0,0.0,0.0,0.0,0.0,0.0,6.0,0.0,1.0,3.0,0.0
E100-2_sp4_c2015,0.0,0.0,1.0,2.0,0.0,0.0,0.0,0.0,0.0,2.0,2.0,0.0,0.0,0.0,0.0,0.0,7.0,0.0,2.0,2.0,0.0
E100-2_sp4_c2016,0.0,0.0,2.0,4.0,0.0,0.0,0.0,0.0,1.0,1.0,2.0,0.0,3.0,1.0,1.0,0.0,2.0,1.0,1.0,3.0,0.0
E100-2_sp5_c2012,0.0,0.0,0.0,0.0,0.0,0.0,0.0,0.0,0.0,2.0,0.0,0.0,0.0,0.0,0.0,0.0,5.0,0.0,1.0,3.0,0.0
E100-2_sp5_c2014,0.0,0.0,2.0,2.0,0.0,0.0,0.0,0.0,1.0,3.0,0.0,0.0,0.0,0.0,0.0,0.0,4.0,0.0,1.0,2.0,0.0
E100-2_sp5_c2015,3.0,0.0,0.0,5.0,0.0,0.0,0.0,0.0,1.0,2.0,0.0,0.0,0.0,0.0,0.0,0.0,0.0,0.0,1.0,7.0,0.0
E100-2_sp5_c2016,1.0,0.0,0.0,2.0,0.0,0.0,0.0,0.0,0.0,4.0,0.0,0.0,0.0,1.0,0.0,0.0,1.0,0.0,2.0,4.0,0.0
E100-2_sp6_c2012,0.0,0.0,0.0,0.0,0.0,0.0,0.0,0.0,0.0,0.0,1.0,0.0,0.0,0.0,0.0,0.0,0.0,0.0,0.0,0.0,0.0
E100-2_sp6_c2014,0.0,0.0,1.0,0.0,0.0,0.0,0.0,0.0,0.0,0.0,0.0,0.0,0.0,0.0,0.0,0.0,5.0,0.0,2.0,5.0,0.0
E100-2_sp6_c2015,1.0,0.0,2.0,1.0,0.0,0.0,0.0,0.0,1.0,2.0,2.0,0.0,0.0,0.0,0.0,0.0,7.0,0.0,1.0,1.0,0.0
E100-2_sp6_c2016,0.0,0.0,0.0,4.0,0.0,0.0,0.0,0.0,2.0,1.0,0.0,0.0,1.0,1.0,1.0,0.0,2.0,1.0,1.0,2.0,0.0
E100-2_sp7_c2012,0.0,0.0,0.0,1.0,0.0,0.0,0.0,0.0,0.0,0.0,3.0,0.0,0.0,0.0,0.0,0.0,3.0,0.0,0.0,1.0,0.0
E100-2_sp7_c2014,0.0,0.0,0.0,4.0,0.0,0.0,1.0,0.0,0.0,1.0,0.0,0.0,0.0,0.0,0.0,0.0,2.0,0.0,2.0,2.0,0.0
E100-2_sp7_c2015,0.0,0.0,1.0,4.0,0.0,0.0,0.0,0.0,0.0,3.0,0.0,0.0,0.0,0.0,0.0,0.0,6.0,0.0,0.0,7.0,0.0
E100-2_sp7_c2016,0.0,0.0,0.0,7.0,0.0,0.0,0.0,0.0,2.0,0.0,0.0,0.0,0.0,1.0,2.0,0.0,1.0,0.0,0.0,1.0,0.0
