plt_sub_cen,Z1,Z2,Z3
BNorth_sp01_c1,-0.7886759264158787,-2.4575504120315923,-2.6372093102041103
BNorth_sp01_c2,-0.7886759264158787,-2.4575504120315923,-2.6372093102041103
BNorth_sp01_c3,-0.8669924245848575,-2.4731118740415723,-2.5937407996070334
BNorth_sp01_c4,-0.7759370958847792,-2.3836641270981724,-2.498375639997738
BNorth_sp02_c1,0.7548103733940728,-1.2478337269416648,0.3200911220987147
BNorth_sp02_c2,0.994131039535805,-1.5195854622085163,0.49368839148083754
BNorth_sp02_c3,0.6926362773652716,-1.854120401010168,0.6227641232348811
BNorth_sp02_c4,0.33418239910917713,-1.5464160743375899,0.47098802854752564
BNorth_sp03_c1,0.23687303453176223,-0.16606983621973298,0.281749389781752
BNorth_sp03_c2,0.3377673921826161,-0.29242015996563453,0.3012273344872812
BNorth_sp03_c3,0.34791643222807567,-0.36083033783680907,0.37212520621117096
BNorth_sp03_c4,0.33555130752607376,-0.3222634055597569,0.34729629217339353
BNorth_sp04_c1,0.5165220113096177,-1.6451257068156375,0.6305668629994792
BNorth_sp04_c2,0.7585561553702898,-1.810216359735447,0.6303910509758509
BNorth_sp04_c3,0.1770845237277418,-1.740994649154577,0.5156260513756015
BNorth_sp04_c4,0.15115880497469564,-1.688678878419838,0.4808561783298668
BNorth_sp05_c2,0.0780584192201586,0.21882148885511438,0.07988906222475228
BNorth_sp05_c3,0.012539723212985854,0.10838002839156191,0.20611382766666986
BNorth_sp05_c4,0.012539723212985854,0.10838002839156191,0.20611382766666986
BNorth_sp06_c2,0.26748930738684906,-0.08820660089316591,0.180705946458673
BNorth_sp06_c3,0.30625397189766695,-0.18382503239608744,0.36528801181306664
BNorth_sp06_c4,0.19538403109078212,-0.05010393215381477,0.33850332884144174
BNorth_sp07_c1,0.858583989274249,-1.1329148685761719,-0.29773294020920266
BNorth_sp07_c2,0.7795075226516239,-1.5990278094939645,-0.18453701397216396
BNorth_sp07_c3,0.6521115367187638,-1.4897340838656457,-0.19538668897205655
BNorth_sp07_c4,0.5368415371993207,-1.2648809406628996,-0.17760986133846432
BNorth_sp08_c1,0.5120179267428406,-0.31294776844431565,0.16132744630670348
BNorth_sp08_c2,0.8082194100916793,-0.8815687125083111,0.3920494439173005
BNorth_sp08_c3,0.39947949544660455,-1.1522488478776904,0.8174720131955108
BNorth_sp08_c4,0.00018078809202623503,-0.6743209979992684,0.7452908760674125
BNorth_sp09_c1,0.1366721684296664,0.07676955266153249,0.15438970306036048
BNorth_sp09_c2,0.16890673173238885,0.11030489134481193,0.10033093975971934
BNorth_sp09_c3,0.14073078759444407,-0.19768719979650448,0.2991869867082314
BNorth_sp09_c4,0.14073078759444407,-0.19768719979650448,0.2991869867082314
BNorth_sp10_c1,0.9962823756108166,-1.2122007266778676,0.9930036677273502
BNorth_sp10_c2,1.1478866448452494,-1.160330055709579,0.8069553686812558
BNorth_sp10_c3,1.1210959913860776,-1.1544813071037434,0.681402179506633
BNorth_sp10_c4,0.7857189560459075,-0.8297270047264771,0.355428704018396
BNorth_sp11_c2,0.0780584192201586,0.21882148885511438,0.07988906222475228
BNorth_sp11_c3,0.0780584192201586,0.21882148885511438,0.07988906222475228
BNorth_sp12_c1,1.1727819535311672,-2.255219231530118,-0.8540183698993744
BNorth_sp12_c2,1.0962875570102246,-2.126205400629489,-0.7209020461824245
BNorth_sp12_c3,1.395598441523587,-2.3611496004400196,-0.959430577439607
BNorth_sp12_c4,1.2865396450477837,-2.18778355172543,-0.9996135442534447
BNorth_sp13_c1,1.8677716723306579,-0.8153034028279573,-1.4452566072231297
BNorth_sp13_c2,2.0966820192452262,-1.0670707128293577,-1.6702021751335965
BNorth_sp13_c3,1.866974848736393,-0.7352774235216084,-1.7444477473493094
BNorth_sp13_c4,1.837401750852865,-0.6691693320965644,-1.7926657381739646
BNorth_sp14_c1,-0.05864692696432085,-1.4463396452861443,-1.151822544837995
BNorth_sp14_c2,0.47528764437621696,-1.899663744237806,-1.0520596647093299
BNorth_sp14_c3,0.821913149414828,-1.4393984348129965,-1.8344194122866304
BNorth_sp14_c4,0.821913149414828,-1.4393984348129965,-1.8344194122866304
BNorth_sp15_c1,0.11121636375791209,-0.34984815945944725,-0.24533578143053003
BNorth_sp15_c2,0.10170338069868322,-0.6612006179917593,-0.36215171378082306
BNorth_sp15_c3,-0.07505478886090325,-1.3515446682114793,0.16856964789231446
BNorth_sp15_c4,-0.012442179419561411,-1.170439167472809,0.24016291685532878
BNorth_sp16_c1,-0.6906111335111538,-0.9218141421588125,-1.7402402842777447
BNorth_sp16_c2,-0.799542554611925,-0.8550860950243858,-1.736642113939498
BNorth_sp16_c3,-0.45863394760718706,-1.324180770169496,-2.051582635434506
BNorth_sp16_c4,-0.42328854120278847,-1.321471395102197,-2.0010449029828434
BNorth_sp17_c1,-1.2656490459059913,-1.7728346884607642,-0.8886151641716893
BNorth_sp17_c2,-1.191853919603824,-1.7711811323931412,-1.2795918957546268
BNorth_sp17_c3,-1.0717895040629704,-1.9329072802406722,-1.2002703603654146
BNorth_sp17_c4,-1.0717895040629704,-1.9329072802406722,-1.2002703603654146
BNorth_sp18_c1,0.5101249727083098,-0.46182480046270014,-1.4833459631494381
BNorth_sp18_c2,0.4999291178733298,-0.583174624353209,-1.4890668003303822
BNorth_sp18_c3,0.6662264687921364,-0.6941590147308844,-1.79534950240723
BNorth_sp18_c4,0.6301696500216964,-0.6418969478880713,-1.831391531668647
BNorth_sp19_c1,3.1804400262090597,-0.5552742701293737,-1.6703816139500391
BNorth_sp19_c2,3.572492117162764,-0.363416430276439,-1.7551421118044477
BNorth_sp19_c3,3.3180043593582402,-0.1521183398970188,-1.9943690969740013
BNorth_sp19_c4,3.1697927197899283,-0.2118076501725014,-1.9594113541029905
BNorth_sp20_c1,1.1786436905037825,-1.5623796717821727,-1.318294731316998
BNorth_sp20_c2,1.195447240997532,-1.6372305004526329,-1.2675459997379697
BNorth_sp20_c3,1.316985885944768,-1.7921894005144123,-1.0594103551394778
BNorth_sp20_c4,1.316985885944768,-1.7921894005144123,-1.0594103551394778
BNorth_sp21_c1,0.35860712536958017,-0.5725930080383212,0.7303141557818094
BNorth_sp21_c2,0.5116377398653151,-0.33508791282043116,0.9965161577643754
BNorth_sp21_c3,0.6672975194770339,-0.18815177643871023,0.7825064274068516
BNorth_sp21_c4,0.654802186971809,-0.14503075106285185,0.7620989525355316
BNorth_sp22_c1,0.7745784427892575,-0.9434534548112697,0.23761192280608515
BNorth_sp22_c2,0.908077108860889,-1.0583230022780539,0.1379855424763793
BNorth_sp22_c3,0.6816975552146055,-1.1210701098869347,-0.1770137320708283
BNorth_sp22_c4,0.6816975552146055,-1.1210701098869347,-0.1770137320708283
BNorth_sp23_c1,0.6419275473232917,-0.14509446052578445,0.2995279304214558
BNorth_sp23_c2,0.6419275473232917,-0.14509446052578445,0.2995279304214558
BNorth_sp23_c3,0.4943820594705224,-0.15083533743465866,0.3483525998449682
BNorth_sp23_c4,0.4943820594705224,-0.15083533743465866,0.3483525998449682
BNorth_sp24_c1,0.429163735905164,-1.0095674389007376,0.7993756289903183
BNorth_sp24_c2,0.2086176225474815,-1.9793757960894618,0.9186666420996386
BNorth_sp24_c3,0.0027851324632783697,-1.7683398033640136,0.8225046992194286
BNorth_sp24_c4,0.0027851324632783697,-1.7683398033640136,0.8225046992194286
BNorth_sp25_c1,0.15633769200581968,-0.25172867299731927,-0.2355417069329324
BNorth_sp25_c2,0.05860009376297979,-0.4627336820388741,-0.18346855707112603
BNorth_sp25_c3,-0.6421451913503324,-0.5993753834623708,0.46428461220473644
BNorth_sp25_c4,-0.5699313834954467,-0.5006043879222981,0.48398409239474816
BSouth_sp01_c1,0.08277820300001126,0.14944042067468044,1.404460548518311
BSouth_sp01_c2,0.49876207114876986,0.19952036620735172,1.8036562843387498
BSouth_sp01_c3,0.36922977953296665,0.37097696973752303,1.3072337141983956
BSouth_sp01_c4,0.36922977953296665,0.37097696973752303,1.3072337141983956
BSouth_sp02_c1,0.12032956684898123,-0.2918328620240675,-0.05034432312748388
BSouth_sp02_c2,0.05462947527095608,-0.3319167430922908,0.0001624618398931854
BSouth_sp02_c3,0.4010981396233687,-0.2574320309258271,0.21093136032991602
BSouth_sp02_c4,0.4010981396233687,-0.2574320309258271,0.21093136032991602
BSouth_sp03_c1,0.11060891811859369,0.04955480011620703,0.17968305700741843
BSouth_sp03_c2,-0.11069019573983857,-0.38258695987431096,-0.2908928759752756
BSouth_sp03_c3,0.2842289067205767,-1.1827422405496488,-0.43845946103549494
BSouth_sp03_c4,0.2842289067205767,-1.1827422405496488,-0.43845946103549494
BSouth_sp04_c1,1.772832298132235,-0.4509239944290341,-3.7716789976416827
BSouth_sp04_c2,1.6944373582812866,-0.31924556478263494,-3.709699275152924
BSouth_sp04_c3,2.277734067292513,0.05832205564208786,-4.0251739508744615
BSouth_sp04_c4,2.2255573227112153,0.16598163153254808,-3.981538679343102
BSouth_sp05_c1,0.037010050895871754,-2.007062854781296,-1.097401341598457
BSouth_sp05_c2,0.0025498733878313584,-2.0343574649477243,-1.105068204880878
BSouth_sp05_c3,0.15005661770122775,-2.040034026184104,-1.052811121150145
BSouth_sp05_c4,0.09376202226244623,-1.9200771885203687,-1.0327970994049973
BSouth_sp06_c1,0.34105412288118214,-1.7760480055786099,-2.580619546335051
BSouth_sp06_c2,0.3928083748199325,-1.736704476855236,-2.6526194378939065
BSouth_sp06_c3,0.18409209377260516,-1.8356738414095353,-2.924371412893518
BSouth_sp06_c4,0.28422806197853817,-1.6816818382362109,-2.812203187187148
BSouth_sp07_c1,0.8375901803179467,-0.6346134053451893,-0.8932546514494175
BSouth_sp07_c2,0.9342747993121049,-0.950752835056534,-1.084029967024347
BSouth_sp07_c3,0.8214553697630469,-1.0103439046845424,-0.8744052515699016
BSouth_sp07_c4,0.4992367315553694,-0.8228465021593491,-0.6508351923779838
BSouth_sp08_c1,-0.008982623168082599,-0.2807319995431189,-0.019986581406671616
BSouth_sp08_c2,0.04042979173061489,-0.22161828135887898,-0.11103638950891222
BSouth_sp08_c3,0.16733709856326054,0.04841558895442715,-0.38661731134956057
BSouth_sp08_c4,0.25039979359730896,0.04576171425188433,-0.3809728667932805
BSouth_sp09_c1,1.1047659011042632,-0.9806279152747066,0.8114388571544489
BSouth_sp09_c2,1.1129724031298458,-1.0150692639607173,0.8674364404220956
BSouth_sp09_c3,1.0837588114926655,-1.531993307604141,1.042015042705558
BSouth_sp09_c4,1.0837588114926655,-1.531993307604141,1.042015042705558
BSouth_sp10_c1,0.7515703118455949,0.31271747065523725,0.3169390656028425
BSouth_sp10_c2,0.5813585256490317,0.32208651818145795,0.15303047685184856
BSouth_sp10_c3,0.5813585256490317,0.32208651818145795,0.15303047685184856
BSouth_sp10_c4,0.5813585256490317,0.32208651818145795,0.15303047685184856
BSouth_sp11_c1,0.4560677009887677,-0.10437606868971797,0.6630239829687513
BSouth_sp11_c2,0.5556298821115858,0.05812265593826843,0.7316854286185254
BSouth_sp11_c3,0.5502213269436287,-0.0036544739210840494,0.7734530437588322
BSouth_sp11_c4,0.38839308720472576,0.04892470858935678,0.5672378860441686
BSouth_sp12_c1,1.0575103011059905,0.18666626949799253,0.4141949965098331
BSouth_sp12_c2,0.8417389145755418,0.19613720312055044,0.18787531929394996
BSouth_sp12_c3,0.6206366421225158,-0.03564330291709973,0.17575416524173273
BSouth_sp12_c4,0.4075807609812296,-0.05997933237920822,0.12240575859765429
BSouth_sp13_c1,-0.20196880323051689,-0.24865715716594192,-0.16147808618721762
BSouth_sp13_c2,-0.20196880323051689,-0.24865715716594192,-0.16147808618721762
BSouth_sp13_c3,-0.1321926539898014,-0.24970368900930376,0.05559726784996538
BSouth_sp13_c4,-0.1321926539898014,-0.24970368900930376,0.05559726784996538
BSouth_sp14_c1,1.4917077191470336,-0.09365698759944241,-0.6899054483882534
BSouth_sp14_c2,1.4869783339576825,-0.04204695492236685,-0.6604223492219411
BSouth_sp14_c3,1.8794935843593528,0.15967615795476325,-0.9671157289436662
BSouth_sp14_c4,1.9732223482578588,0.10336049179272544,-0.7217104708698978
BSouth_sp15_c1,-0.4206495039958665,-1.6310110414089736,-1.203033744165554
BSouth_sp15_c2,-0.2730601711735501,-1.608622922109545,-1.3287044586702408
BSouth_sp15_c3,0.3318544703211513,-1.1456201195825608,-1.1916278189165643
BSouth_sp15_c4,0.24186625872975148,-1.0972009601750061,-1.144410392325437
BSouth_sp16_c1,1.1683677615785328,-0.5797775485145614,-1.6472622456394101
BSouth_sp16_c2,1.3696433826414853,-0.6176521164467373,-1.8351427794055615
BSouth_sp16_c3,1.8576207040205577,-0.7758527792404076,-1.9049397936130168
BSouth_sp16_c4,1.8576207040205577,-0.7758527792404076,-1.9049397936130168
BSouth_sp17_c1,0.1855631047021093,0.6962529409129761,-0.5096733243802991
BSouth_sp17_c2,0.7753304755010858,0.736373865965247,-0.7711300660457248
BSouth_sp17_c3,0.5132548804126689,0.6629222986283981,-0.6136755476827971
BSouth_sp17_c4,0.5132548804126689,0.6629222986283981,-0.6136755476827971
BSouth_sp18_c1,0.6740538697470537,0.013297773338994255,1.009790961805538
BSouth_sp18_c2,0.7378146352770195,0.07871623977743364,0.9145839940730706
BSouth_sp18_c3,0.6681546519869886,-0.09576150410276488,0.719588917263707
BSouth_sp18_c4,0.7954173225013659,0.03523387961515387,0.6927787367526334
BSouth_sp19_c1,1.0907495600806538,0.025080450467059354,0.1331275415230186
BSouth_sp19_c2,1.0596820145653718,0.09835171405330592,0.09996159485379273
BSouth_sp19_c3,1.437762602580876,0.10200448268956072,-0.40468566735002115
BSouth_sp19_c4,1.06964346646685,0.21304523323192426,-0.518606943319802
BSouth_sp20_c1,0.2579365224823541,-0.3670351251323163,-0.7450222967720127
BSouth_sp20_c2,-0.2986143465560628,-0.3374712406995441,-0.7577455350381598
BSouth_sp20_c3,-0.3590358601847748,-0.2905514748284268,-0.6152124127252354
BSouth_sp20_c4,-0.3590358601847748,-0.2905514748284268,-0.6152124127252354
BSouth_sp21_c1,0.46307195074237695,0.08014899877294188,0.5188798840540484
BSouth_sp21_c2,0.46307195074237695,0.08014899877294188,0.5188798840540484
BSouth_sp21_c3,0.36581519945412333,0.10152464612499182,0.4445424739681375
BSouth_sp21_c4,0.36581519945412333,0.10152464612499182,0.4445424739681375
BSouth_sp22_c1,-0.12788815507465265,-0.9994638766040274,0.23928019593125355
BSouth_sp22_c2,-0.1755759454880397,-1.0377840785675345,0.31580816683778157
BSouth_sp22_c3,-0.12591526956093269,-0.4128833750120377,0.20059702268843876
BSouth_sp22_c4,-0.12591526956093269,-0.4128833750120377,0.20059702268843876
BSouth_sp23_c1,0.4371512139698204,0.08394461233010049,0.5401559266018153
BSouth_sp23_c2,0.4389085855642238,0.08221092219983532,0.5384271943879705
BSouth_sp23_c3,0.5502890306617476,-0.36599080674916756,0.6158512474182027
BSouth_sp23_c4,0.5502890306617476,-0.36599080674916756,0.6158512474182027
BSouth_sp24_c1,-0.16320288234635227,-0.024927725419176414,0.3531283955033759
BSouth_sp24_c2,-0.064060914249648,-0.18932722643018385,0.6391045838885684
BSouth_sp24_c3,0.040199389069605795,-0.32717629640593116,0.5534133160192248
BSouth_sp24_c4,0.040199389069605795,-0.32717629640593116,0.5534133160192248
BSouth_sp25_c1,0.8103536744323155,0.14426524161119159,0.4982228329104864
BSouth_sp25_c2,0.7809585751670663,0.08423944809946203,0.5345998610114462
BSouth_sp25_c3,0.7809585751670663,0.08423944809946203,0.5345998610114462
BSouth_sp25_c4,0.5785101602692181,0.12666355962762135,0.7065582752938018
Belian_sp01_c1,-0.18957628841403318,-1.2378131047179766,-2.0722943891717613
Belian_sp01_c2,-0.21021649817892119,-1.2779368101289093,-2.150905129553436
Belian_sp01_c3,-0.21021649817892119,-1.2779368101289093,-2.150905129553436
Belian_sp02_c1,-0.2666648044138559,-0.3157659754343254,-2.583205600445274
Belian_sp02_c2,-0.2666648044138559,-0.3157659754343254,-2.583205600445274
Belian_sp02_c3,-0.18191185254299985,-0.24105765349673072,-2.5576981325314
Belian_sp03_c1,-0.21061332624164014,-0.47178855737573255,-1.208497986886169
Belian_sp03_c2,-0.21061332624164014,-0.47178855737573255,-1.208497986886169
Belian_sp03_c3,-0.11639090738168097,-0.5176720995488726,-1.1178512868897912
Belian_sp04_c1,-1.3504418687763562,0.4256654251375517,-0.7671479120313027
Belian_sp04_c2,-1.3504418687763562,0.4256654251375517,-0.7671479120313027
Belian_sp04_c3,-1.4741970304068452,0.383373497882037,-0.9792877514012936
Belian_sp05_c1,-0.4174068161545338,1.082661437137855,-1.1955107209524305
Belian_sp05_c2,-0.4712297059164363,1.0588892726483479,-1.31903517886794
Belian_sp05_c3,-0.43784105645939586,1.0619615562475406,-1.2629893274554929
Belian_sp06_c1,-0.6159151285131721,1.253378098856706,-0.0014686298688608157
Belian_sp06_c2,-0.5762108192237361,1.404105573065246,-0.2418812836788047
Belian_sp06_c3,-0.7265107290985386,1.491558529850983,-0.2940746690894277
Belian_sp07_c1,-1.5617494132520546,0.3750743342174855,1.1697043728461824
Belian_sp07_c2,-1.4180167960436134,0.49495907030610287,1.048737041853027
Belian_sp07_c3,-1.4180167960436134,0.49495907030610287,1.048737041853027
Belian_sp08_c1,-2.4976569479942725,-0.5114098005248295,-0.7684909750111811
Belian_sp08_c2,-2.7569933670958466,-0.6105750245270064,-0.7439753100171996
Belian_sp08_c3,-2.4976569479942725,-0.5114098005248295,-0.7684909750111811
Belian_sp09_c1,0.7725576800899893,-0.21744760022081566,-2.5172788791700555
Belian_sp09_c2,0.985458939611512,-0.3424389819914817,-2.633244182548305
Belian_sp09_c3,0.6256568984719545,-0.4044941546972115,-2.6464831739412507
Belian_sp10_c1,-0.5984399119785138,-1.627027446327574,-1.5658718849809654
Belian_sp10_c2,-0.3973738285083188,-1.7027893917384147,-1.6983079572505608
Belian_sp10_c3,-0.3492358236623931,-1.7250981793296247,-1.699696844379758
Belian_sp11_c1,0.3298217797163289,-0.6227857019519552,-1.5703730181672406
Belian_sp11_c2,0.3298217797163289,-0.6227857019519552,-1.5703730181672406
Belian_sp11_c3,0.19586177719799505,-0.5054529848430208,-1.4505331479832442
Belian_sp12_c1,-0.8558412721727541,-0.25318859991729514,-1.0473579201919916
Belian_sp12_c2,-0.5107529985407068,-0.4940377237949494,-1.2970267640815347
Belian_sp12_c3,-0.5107529985407068,-0.4940377237949494,-1.2970267640815347
Belian_sp13_c1,-1.560479317302371,-0.4134638028155494,-1.2352640103109376
Belian_sp13_c2,-1.7111662536093064,-0.42402646754552026,-1.3643285761194903
Belian_sp13_c3,-1.7111662536093064,-0.42402646754552026,-1.3643285761194903
Belian_sp14_c1,-1.0326146990737053,0.13153658824422465,-0.8854922403562734
Belian_sp14_c2,-1.014357016336862,-0.020419294366121624,-0.9133365642380746
Belian_sp14_c3,-0.9321590841821384,-0.05067722846808578,-0.588173187939967
Belian_sp15_c1,-0.5448926659968845,-0.18815122620306202,-0.06008322788862816
Belian_sp15_c2,-0.5448926659968845,-0.18815122620306202,-0.06008322788862816
Belian_sp15_c3,-0.5612181598118191,-0.03483663252805428,-0.4158073177073368
Belian_sp16_c1,-0.9729449447311348,0.9872644726353181,-0.5562100552159082
Belian_sp16_c2,-0.9729449447311348,0.9872644726353181,-0.5562100552159082
Belian_sp16_c3,-0.9729449447311348,0.9872644726353181,-0.5562100552159082
Belian_sp17_c1,-0.15112418159646368,0.16231290938232273,-1.2236164897586803
Belian_sp17_c2,-0.15112418159646368,0.16231290938232273,-1.2236164897586803
Belian_sp17_c3,-0.3377407268352139,0.188914389024258,-1.4809983076013276
Belian_sp18_c1,-2.9286806698274654,-0.7517565529455933,-1.0212032221262737
Belian_sp18_c2,-2.879823111123039,-0.6525320754235179,-1.1447640957194807
Belian_sp18_c3,-2.8886046927717794,-0.8400788221324709,-0.8756756965557697
Belian_sp19_c1,-0.31763497721385603,0.44598261029992436,-0.15867711681586066
Belian_sp19_c2,-0.31763497721385603,0.44598261029992436,-0.15867711681586066
Belian_sp19_c3,-0.4168598395981626,0.37837068513160343,-0.35981726961531457
Belian_sp20_c1,-2.0635184177121637,-0.5128146492111679,-0.6625245895844623
Belian_sp20_c2,-2.0635184177121637,-0.5128146492111679,-0.6625245895844623
Belian_sp20_c3,-2.0635184177121637,-0.5128146492111679,-0.6625245895844623
Belian_sp21_c1,-0.9331929599018247,-0.8862404294103622,-1.326553697485151
Belian_sp21_c2,-0.9331929599018247,-0.8862404294103622,-1.326553697485151
Belian_sp21_c3,-0.9331929599018247,-0.8862404294103622,-1.326553697485151
Belian_sp22_c1,-1.653411742743394,-0.7833442779034154,-0.5638081659978299
Belian_sp22_c2,-1.6526215287842216,-0.7889851657828033,-0.5673531329509448
Belian_sp22_c3,-1.6526215287842216,-0.7889851657828033,-0.5673531329509448
Belian_sp23_c1,0.6454713212230339,-0.9208817012798935,-1.4446572723841133
Belian_sp23_c2,0.6454713212230339,-0.9208817012798935,-1.4446572723841133
Belian_sp23_c3,0.6454713212230339,-0.9208817012798935,-1.4446572723841133
Belian_sp24_c1,-1.7402189984956327,-0.3006031031952862,-0.09912020094376761
Belian_sp24_c2,-1.7402189984956327,-0.3006031031952862,-0.09912020094376761
Belian_sp24_c3,-1.7402189984956327,-0.3006031031952862,-0.09912020094376761
Belian_sp25_c1,-1.3979557823319722,0.46180255263087794,-0.8057544777156707
Belian_sp25_c2,-1.3979557823319722,0.46180255263087794,-0.8057544777156707
Belian_sp25_c3,-1.239278577115511,0.185376382133346,-0.8012894425523639
DC1_sp01_c1,0.5077159644824984,0.5310875793397979,-3.2776459177462653
DC1_sp01_c2,0.5961260255302978,0.5950234084883064,-3.3302848718260973
DC1_sp02_c1,-0.40877204150934676,1.2066852817918579,-2.741994310271801
DC1_sp02_c2,-0.3233411874643609,1.263761070991459,-2.812127554209726
DC1_sp03_c1,-0.13818836610294005,1.497341816821662,-3.7568380171335862
DC1_sp03_c2,-0.6400640253198482,1.5469175124585097,-3.5091106793420126
DC1_sp04_c1,-0.9617707612340998,1.4211095557647595,-2.515792356527222
DC1_sp04_c2,-1.0394581630310675,1.5701481888913225,-2.3422711293324534
DC1_sp05_c1,0.39460821240378996,2.053822315964693,-1.4877789132879529
DC1_sp05_c2,0.2578628767904916,1.848653022100439,-1.484051602113311
DC1_sp06_c1,-1.5253910862797064,1.371670598273272,-0.7446938070879163
DC1_sp06_c2,-1.5253910862797064,1.371670598273272,-0.7446938070879163
DC1_sp07_c1,-1.1709579854918681,1.5345056420188652,-1.5145514319912254
DC1_sp07_c2,-1.1709579854918681,1.5345056420188652,-1.5145514319912254
DC1_sp08_c1,-0.9398242554824554,0.8162228276970412,-1.8525601309310031
DC1_sp08_c2,-0.9398242554824554,0.8162228276970412,-1.8525601309310031
DC1_sp09_c1,-1.6201891546839569,1.4467925471323082,-2.3422070279466833
DC1_sp09_c2,-1.9102480343764827,1.4213690596734612,-2.339328373810953
DC1_sp10_c1,-0.973134772243796,2.24725116784536,-2.0364802241464344
DC1_sp10_c2,-0.797747662473614,2.314125955376566,-2.0101212234098433
DC1_sp11_c1,-0.4379452497696472,0.8852646349442651,0.23877990030751464
DC1_sp11_c2,-0.38322604957619455,0.9488727522743317,0.14140370280833228
DC1_sp12_c1,0.8999579916585283,1.7233911974214677,-0.875375062809214
DC1_sp12_c2,0.8999579916585283,1.7233911974214677,-0.875375062809214
DC1_sp13_c1,-1.423777856477893,0.9708959604814151,-0.05334792854653661
DC1_sp13_c2,-1.423777856477893,0.9708959604814151,-0.05334792854653661
DC1_sp14_c1,-0.5431659853245747,1.20962725732191,0.04095134238498828
DC1_sp14_c2,-0.5431659853245747,1.20962725732191,0.04095134238498828
DC1_sp15_c1,-1.4370393679480702,2.1956063695097225,-0.28271096170712917
DC1_sp15_c2,-1.4370393679480702,2.1956063695097225,-0.28271096170712917
DC1_sp16_c1,-1.1471612071427804,1.6729334840152155,-0.27523886653351587
DC1_sp16_c2,-1.1471612071427804,1.6729334840152155,-0.27523886653351587
DC1_sp17_c1,-1.658330740869766,1.6041502893830386,-0.4704352083030352
DC1_sp17_c2,-1.7794769800961614,1.4358648542903076,-0.04547893920046428
DC1_sp18_c1,-0.9687670735500838,2.0533248482670974,-0.7576362791218907
DC1_sp18_c2,-0.9687670735500838,2.0533248482670974,-0.7576362791218907
DC1_sp19_c1,-0.639795270484552,1.3033612296828956,-0.33333942291234864
DC1_sp19_c2,-0.658924127228967,1.2880385327812969,-0.3050577468240263
DC1_sp20_c1,0.016331545833585943,1.4278169928654572,-1.284502252965419
DC1_sp20_c2,0.016331545833585943,1.4278169928654572,-1.284502252965419
DC1_sp21_c1,0.1681860005284585,1.7394809742658093,-0.28350015453601446
DC1_sp21_c2,0.1681860005284585,1.7394809742658093,-0.28350015453601446
DC1_sp22_c1,-0.21673195045787202,1.2220792653078143,-0.010155319459346265
DC1_sp22_c2,-0.21673195045787202,1.2220792653078143,-0.010155319459346265
DC1_sp23_c1,-1.1978301476747657,1.00489579186504,-0.3685725713980633
DC1_sp23_c2,-1.2960138869132471,0.9842628990144167,-0.3089810099622481
DC1_sp24_c1,-0.7758441409339001,2.310745534645494,-1.3280364152978272
DC1_sp24_c2,-0.7604730409808695,2.3441785382764255,-1.3053741227578464
DC1_sp25_c1,-0.41501769608803435,0.9010078233285865,0.7069421891637137
DC1_sp25_c2,-0.37210066379827955,1.2289432896873715,0.1501789325184556
DC2_sp01_c1,-1.5606172088376304,1.052115253091408,-0.5100550346999851
DC2_sp01_c2,-1.5551642545447693,1.147552722168829,-0.48785095350921215
DC2_sp02_c1,-0.7136366107337624,1.552612620346388,-0.5669332675234668
DC2_sp02_c2,-0.6519633081013028,1.5491794677407413,-0.6911073004610732
DC2_sp03_c1,-0.019913848002042767,1.5282649516805082,0.15271583843682304
DC2_sp03_c2,-0.05267870618612583,1.5600909945334733,0.12563153739733024
DC2_sp04_c1,0.7909156662950587,1.704792281367752,-0.2219734509756188
DC2_sp04_c2,0.7909156662950587,1.704792281367752,-0.2219734509756188
DC2_sp05_c1,-0.7688162722712829,1.2662791353139267,-0.5413944203236383
DC2_sp05_c2,-0.7688162722712829,1.2662791353139267,-0.5413944203236383
DC2_sp06_c1,-0.25665556576748927,0.8306264033128988,-2.418780368595267
DC2_sp06_c2,-0.25665556576748927,0.8306264033128988,-2.418780368595267
DC2_sp07_c1,-1.4775557351127793,1.4012350083796747,-0.5141536631808821
DC2_sp07_c2,-1.4775557351127793,1.4012350083796747,-0.5141536631808821
DC2_sp08_c1,-1.1777723814456784,0.9849899737676509,-0.6708700172742399
DC2_sp08_c2,-1.1777723814456784,0.9849899737676509,-0.6708700172742399
DC2_sp09_c1,-0.5633790313225817,0.720462708523422,0.19278660913588075
DC2_sp09_c2,-0.5633790313225817,0.720462708523422,0.19278660913588075
DC2_sp10_c1,-2.7908513674328423,0.7795723443417101,0.5269112640003217
DC2_sp10_c2,-2.7908513674328423,0.7795723443417101,0.5269112640003217
DC2_sp11_c1,-1.7260011054089082,2.940320055155402,-1.4576410854547737
DC2_sp11_c2,-1.7260011054089082,2.940320055155402,-1.4576410854547737
DC2_sp12_c1,-1.5232598829704789,0.9727140356801117,0.24532305040405308
DC2_sp12_c2,-1.5078063486213895,0.8551691015505378,0.0069612384623607
DC2_sp13_c1,-0.486423277398627,2.0112774054814255,-0.2744597814019808
DC2_sp13_c2,-0.6785281957044449,2.095654654832668,-0.4415521825607978
DC2_sp14_c1,-1.1573755718373853,1.9892761743476368,-0.2842671314730492
DC2_sp14_c2,-1.1573755718373853,1.9892761743476368,-0.2842671314730492
DC2_sp15_c1,-1.9334533781570165,0.8619118937723095,-0.10348761219389838
DC2_sp15_c2,-1.7841560420530824,0.7378309797438303,-0.1670595973281064
DC2_sp16_c1,-1.0088542357536883,1.5577853128314743,-1.3804424616097362
DC2_sp16_c2,-1.0088542357536883,1.5577853128314743,-1.3804424616097362
DC2_sp17_c1,-1.0980780851290721,1.214070701103262,0.13070182225319
DC2_sp17_c2,-1.0980780851290721,1.214070701103262,0.13070182225319
DC2_sp18_c1,-0.986201146349032,1.3039418291836418,-0.6771081610937305
DC2_sp18_c2,-0.986201146349032,1.3039418291836418,-0.6771081610937305
DC2_sp19_c1,-2.042630461605666,2.0254431386189244,1.7773115627072444
DC2_sp19_c2,-2.0521586714824234,1.9281674672393443,1.7119490847074967
DC2_sp20_c1,-0.7682645048481636,2.9344252987869366,0.07155743749836063
DC2_sp20_c2,-0.8300859681880063,2.9317361573094636,0.03338570022508719
DC2_sp21_c1,-1.0092286527730143,0.43371356470604433,0.21887561098792094
DC2_sp21_c2,-1.0092286527730143,0.43371356470604433,0.21887561098792094
DC2_sp22_c1,-0.3394612336783499,1.232718873429092,0.7970676477738172
DC2_sp22_c2,-0.03276915746103054,1.1033374395618023,0.7046607310961254
DC2_sp23_c1,-1.2189705686886931,2.3395381778316344,0.9653877117088978
DC2_sp23_c2,-1.2046864511414934,2.069645561601311,0.5270144338172645
DC2_sp24_c1,-0.5131013540263738,0.6526345294446357,-1.3103686508008243
DC2_sp24_c2,-0.5650874359357337,0.8513606638511695,-1.3551816617520898
DC2_sp25_c1,-0.7803012477933282,0.974547671690124,0.2446405146706735
DC2_sp25_c2,-0.5596134467220947,0.8513146255084553,0.18588546591441574
E_sp01_c1,-1.3463028903424257,-0.413405319349457,1.2436551718132645
E_sp01_c2,-1.3463028903424257,-0.413405319349457,1.2436551718132645
E_sp01_c3,-1.722588453583124,0.08826187780166975,1.4454810926015036
E_sp01_c4,-1.722588453583124,0.08826187780166975,1.4454810926015036
E_sp02_c1,-0.9234188954104405,-1.3376026371776306,0.1682354089920145
E_sp02_c2,-0.8396478212021001,-1.4281118348268875,0.2728362998070758
E_sp02_c3,-0.47066346086916344,-0.8920056250662549,0.9839953418684302
E_sp02_c4,-0.3382944107407153,-0.7741227316999117,0.8737065084510865
E_sp03_c1,-1.4380378023749307,-2.553956670803928,-0.015834693415952922
E_sp03_c2,-1.4380378023749307,-2.553956670803928,-0.015834693415952922
E_sp03_c3,-0.822634594720157,-2.2605097441759225,-0.49130948159126664
E_sp03_c4,-0.6662055271284573,-2.0531718561458123,-0.5923919073325905
E_sp04_c1,-1.4904804115868284,-2.4298984383429296,0.39175750129844916
E_sp04_c2,-1.4361958523744423,-2.3638946928185396,0.23089169086455
E_sp04_c3,-1.0894422346302644,-2.3234144700777892,0.24054491837327024
E_sp04_c4,-1.129115775589097,-2.1566961296511598,0.21500489897227967
E_sp05_c1,-1.384259157774251,-2.4433051932355774,-1.3555291000156586
E_sp05_c2,-1.4508425419304032,-2.405257125366954,-1.442448355200321
E_sp05_c3,-1.940832654591454,-2.261767885375515,-1.1987241427238897
E_sp05_c4,-1.9926373597467362,-2.1712748442034058,-1.2254259179251514
E_sp06_c1,-2.1024927825077118,-2.445488413186756,0.013096620354476327
E_sp06_c2,-2.249803868446949,-2.437955166500579,0.08497510058811715
E_sp06_c3,-2.1685400329156708,-2.639539849468885,-0.43543424521165963
E_sp06_c4,-2.1685400329156708,-2.639539849468885,-0.43543424521165963
E_sp07_c1,-3.1689990294920136,-1.334259070516274,-2.105668302164141
E_sp07_c2,-3.1689990294920136,-1.334259070516274,-2.105668302164141
E_sp07_c3,-2.9246427664242787,-1.7273846827341883,-2.4228514250584667
E_sp07_c4,-2.997908244006927,-1.6964987057226293,-2.451820807470165
E_sp08_c1,-1.6910951855358145,-2.0755887284786554,-0.1222604544098702
E_sp08_c2,-1.6910951855358145,-2.0755887284786554,-0.1222604544098702
E_sp08_c3,-1.618857618159069,-2.156790836710813,0.0444174058022578
E_sp08_c4,-1.657014119172164,-2.0324733806771507,-0.147336163542968
E_sp09_c1,-2.217724078224399,-1.574000390736448,-0.45881419643057025
E_sp09_c2,-2.083864937473153,-1.7796886932688623,-0.687735660889693
E_sp09_c3,-2.145168966739969,-1.9014301014000572,-0.5257808298927097
E_sp09_c4,-2.1348006683999143,-1.8940890334915683,-0.5486850900392747
E_sp10_c1,-0.04230524600915915,-1.1490052634417287,1.3556967195416791
E_sp10_c2,-0.12213031167581892,-1.09898935104893,1.1610577563539421
E_sp10_c3,-0.32448983908862844,-0.5131061141818267,0.14741483924910417
E_sp10_c4,-0.32575310972002947,-0.5211808604988039,0.14734114538365015
E_sp11_c1,-1.5081810545237562,-0.4732081080354217,-2.8002550719014967
E_sp11_c2,-1.4469891098747723,-0.39799819216565024,-2.8606676595663703
E_sp11_c3,-1.439675443342744,-0.4400371376196691,-2.935411047772188
E_sp11_c4,-1.4597727456349312,-0.34285792540167176,-2.973526928611209
E_sp12_c1,-1.733472048693237,-0.7171245074834837,-1.8002249725094583
E_sp12_c2,-1.789758582905504,-0.7979647546487083,-1.7878185048241657
E_sp12_c3,-1.7763542646477397,-1.038737162904555,-1.7175842598887923
E_sp12_c4,-1.7483031486863931,-0.9527810457293074,-1.7570363849490032
E_sp13_c1,-2.486398555065705,-0.507988306881924,1.3131947342818548
E_sp13_c2,-2.464245222162612,-0.4661783883473279,1.2251172594001405
E_sp13_c3,-2.3725070625348943,-0.33039805845229875,0.830780044048625
E_sp13_c4,-2.351133425571709,-0.3238555295820954,0.8463298530547793
E_sp14_c1,-0.2674268414799569,-0.688076815318341,0.28850176339775946
E_sp14_c2,-0.33066543950399563,-0.7435807189621124,0.2756434892056009
E_sp14_c3,-0.33066543950399563,-0.7435807189621124,0.2756434892056009
E_sp14_c4,-0.33066543950399563,-0.7435807189621124,0.2756434892056009
E_sp15_c1,-1.6866792799855252,-1.6607109265524644,0.5275651543733394
E_sp15_c2,-1.6602401905045434,-1.6259597633037008,0.4152083936566921
E_sp15_c3,-1.7739130887172962,-1.7292827576880245,0.32015519595920644
E_sp15_c4,-1.823915518858941,-1.7077035880364793,0.398261328746735
E_sp16_c1,-2.2650499928191663,-0.6647327979458284,-2.2479217908000053
E_sp16_c2,-2.2650499928191663,-0.6647327979458284,-2.2479217908000053
E_sp16_c3,-2.3165957077817225,-0.78609198374086,-2.2923659040514233
E_sp16_c4,-2.297369136129416,-0.5371310529236468,-2.309204862460131
E_sp17_c1,-1.5112495501814571,-1.1137597901852643,0.44080912376896725
E_sp17_c2,-1.4461392426162758,-1.0660454272519495,0.25506212012786234
E_sp17_c3,-1.6037329011857961,-1.37904296469307,1.0562946819714016
E_sp17_c4,-1.6789865688420371,-1.202134284031923,0.9331332666077422
E_sp18_c1,-1.6896270640697675,-1.7228834773229733,1.574094420451518
E_sp18_c2,-1.778345975909784,-2.03250081687536,1.7540495226876918
E_sp18_c3,-1.2803157370529024,-1.8744722421988889,1.3517960282344847
E_sp18_c4,-1.219915392993951,-1.5897994314297421,1.1905203587093491
E_sp19_c1,-2.668856639647626,-1.757696435750328,1.0403307546938576
E_sp19_c2,-2.832257504252564,-1.850088829834373,1.0967791796332136
E_sp19_c3,-3.1015015459246484,-1.8380586912283134,1.1020036908126798
E_sp19_c4,-3.1628591243422335,-1.7471764134335555,1.0215721067425019
E_sp20_c1,-2.787145339189463,-1.0858117519097934,-1.8648135566388273
E_sp20_c2,-2.8509153840425006,-1.102561386225476,-1.9042393479640922
E_sp20_c3,-2.73576961391728,-1.2698497855329038,-2.088320280424861
E_sp20_c4,-2.769120551164779,-1.1703157789936283,-2.0792117969587576
E_sp21_c1,-1.6040397812165699,-1.9652101161611832,-0.03141114643675598
E_sp21_c2,-1.6040397812165699,-1.9652101161611832,-0.03141114643675598
E_sp21_c3,-1.0934764301738926,-2.811977417764162,0.13950115317844197
E_sp21_c4,-1.0934764301738926,-2.811977417764162,0.13950115317844197
E_sp22_c1,-1.0255520610775055,-1.3277768217149146,-0.5041025549904532
E_sp22_c2,-1.0121691371969606,-1.2092202353859118,-0.6527965661409008
E_sp22_c3,-1.4698209093071397,-1.285592597333035,-0.46574069572019555
E_sp22_c4,-1.0690214423694706,-1.6776166051031312,-0.6518354637398828
E_sp23_c1,-1.2082967849789745,-1.5358942392351471,-1.161821121023135
E_sp23_c2,-1.2082967849789745,-1.5358942392351471,-1.161821121023135
E_sp23_c3,-1.3282522091256233,-1.4527056335774036,-1.2510240493315683
E_sp23_c4,-1.5773398472700062,-1.3913462175417317,-0.9361256590914059
E_sp24_c1,-1.6977249504731153,-1.292513823425804,0.9110624010865398
E_sp24_c2,-1.6838959686188675,-1.279451944070001,0.884692582769412
E_sp24_c3,-2.0471484257512844,-1.6233553552301592,0.9477974155575721
E_sp24_c4,-1.7404821647958357,-1.3512567501368162,0.5402134058872718
E_sp25_c1,-1.2595258521952875,-1.87419868284325,1.0833494590943076
E_sp25_c2,-1.212865393966245,-1.8483330931715825,1.0135858853928186
E_sp25_c3,-1.9143703887178434,-2.179577489933574,1.2528298681466066
E_sp25_c4,-1.7928957637064533,-1.9792776419908786,0.9943232984992428
LF_sp01_c1,-2.350225582321285,1.4896344772613568,-0.2026602572718036
LF_sp01_c2,-2.4380366341497997,1.4676086180037735,-0.3798497359793655
LF_sp01_c3,-2.4520663719929243,1.4534920367025335,-0.34174201647412794
LF_sp01_c4,-2.4883397426404783,1.3269684212934323,-0.2519619440107897
LF_sp02_c1,-1.1210624425455846,1.5321400120414936,-0.6259053366738667
LF_sp02_c2,-1.1210624425455846,1.5321400120414936,-0.6259053366738667
LF_sp02_c3,-1.335772980414115,1.674177095608683,-0.6707595253141647
LF_sp02_c4,-1.335772980414115,1.674177095608683,-0.6707595253141647
LF_sp03_c1,-2.586076911259102,1.708618165743332,0.4980319936164686
LF_sp03_c2,-2.586076911259102,1.708618165743332,0.4980319936164686
LF_sp03_c3,-2.6741266540836306,1.7077536873732364,0.4749785493753237
LF_sp03_c4,-2.6741266540836306,1.7077536873732364,0.4749785493753237
LF_sp04_c1,1.4088874904355702,2.2336271800526335,0.3752430642004085
LF_sp04_c2,1.4088874904355702,2.2336271800526335,0.3752430642004085
LF_sp04_c3,1.4088874904355702,2.2336271800526335,0.3752430642004085
LF_sp04_c4,1.4088874904355702,2.2336271800526335,0.3752430642004085
LF_sp05_c1,-1.8077717898817178,2.2010237201834033,1.042196228207857
LF_sp05_c2,-1.7595099734340673,2.2517040100431056,0.9330487816060054
LF_sp05_c3,-1.561838811882985,2.325081076732734,0.7172724164517696
LF_sp05_c4,-1.5088089602478771,2.3037310537647055,0.643334967085547
LF_sp06_c1,-1.2899917199014657,2.662250883950945,0.31591186301762525
LF_sp06_c2,-1.2899917199014657,2.662250883950945,0.31591186301762525
LF_sp06_c3,-1.3226509340077144,2.7400216360674374,0.5196466634984545
LF_sp06_c4,-0.9678771455593449,2.449931636624114,0.26861554829209733
LF_sp07_c1,0.5189804520464449,2.3546836029897236,0.2406288064820733
LF_sp07_c2,0.4777395165998846,2.4394673563020572,0.20699978399700172
LF_sp07_c3,0.7637516657872172,2.6602581114104944,0.24099333910070952
LF_sp07_c4,0.7637516657872172,2.6602581114104944,0.24099333910070952
LF_sp08_c1,-1.2638896103170585,1.3945790474936606,0.793278620752345
LF_sp08_c2,-1.132742986296666,1.2565915615995567,0.7864100548407935
LF_sp08_c3,-1.1177600214237362,1.2539220781646367,0.9133336766466779
LF_sp08_c4,-1.1856256026509835,1.3309025570069857,0.9261731653842513
LF_sp09_c1,-0.16495522818160283,1.547135342717943,1.5719969050953029
LF_sp09_c2,-0.16495522818160283,1.547135342717943,1.5719969050953029
LF_sp09_c3,-0.7650928956924703,1.338000418277196,0.887829176147202
LF_sp09_c4,-0.7650928956924703,1.338000418277196,0.887829176147202
LF_sp10_c1,-1.371626981646882,1.8308716635165811,1.0731785213435567
LF_sp10_c2,-1.3343629548080467,1.873949805667196,1.0033408595665056
LF_sp10_c3,-1.2505873374328054,2.439555643183918,1.092029914805427
LF_sp10_c4,-1.0919962459199777,2.23902136681607,1.0650285034130973
LF_sp11_c1,-1.7746486637684322,1.4015511617959608,-0.3113572038474235
LF_sp11_c2,-1.7746486637684322,1.4015511617959608,-0.3113572038474235
LF_sp11_c3,-1.7707160869476606,1.6205504517208726,-0.058627247061461635
LF_sp11_c4,-1.7707160869476606,1.6205504517208726,-0.058627247061461635
LF_sp12_c1,1.1919879884905107,2.8967791857575373,0.25424448304058084
LF_sp12_c2,1.2205950223254705,2.8871312016491424,0.44091867287261005
LF_sp12_c3,1.2205950223254705,2.8871312016491424,0.44091867287261005
LF_sp12_c4,1.2205950223254705,2.8871312016491424,0.44091867287261005
LF_sp13_c1,-0.599361667500524,1.8973339817163946,0.011586651596703579
LF_sp13_c2,-0.599361667500524,1.8973339817163946,0.011586651596703579
LF_sp13_c3,-0.42465135080889094,1.8622385643638104,0.05937390389208817
LF_sp13_c4,-0.42465135080889094,1.8622385643638104,0.05937390389208817
LF_sp14_c1,-0.7648532442277798,2.323909266187487,0.2648982687596914
LF_sp14_c2,-0.878756657083488,2.252778849024639,0.44356441548959935
LF_sp14_c3,-0.8113889930782958,2.9864343698207483,0.17595652613013504
LF_sp14_c4,-0.8113889930782958,2.9864343698207483,0.17595652613013504
LF_sp15_c1,-2.558976047574373,2.434728049804186,0.09262234000450882
LF_sp15_c2,-2.558976047574373,2.434728049804186,0.09262234000450882
LF_sp15_c3,-2.7742117025905424,2.4158788164780858,0.27990668174202277
LF_sp15_c4,-2.694129911686906,2.266597522784491,0.17663949000336882
LF_sp16_c1,-1.7462847124875553,2.2107000016276865,-1.8457028176716312
LF_sp16_c2,-1.7658432531806545,2.243211217836102,-1.6704829646841017
LF_sp16_c3,-1.8874054184101945,2.325006796727143,-1.8527584503540173
LF_sp16_c4,-1.4818984770381833,2.1051582898062597,-1.7511214893945684
LF_sp17_c1,-0.6681559796016959,1.924255655797825,-1.613276796870863
LF_sp17_c2,-0.6392572962504035,1.898986405269139,-1.6379496003106617
LF_sp17_c3,-0.11666576989535676,1.9460914514023595,-1.7574423975206526
LF_sp17_c4,-0.3528538207582548,1.8943491941972752,-1.8240970859769723
LF_sp18_c1,-1.153941818628493,1.7631267794085208,-2.2080398818653646
LF_sp18_c2,-1.153941818628493,1.7631267794085208,-2.2080398818653646
LF_sp18_c3,-1.4222064465386914,1.8132837167312268,-2.223038351466413
LF_sp18_c4,-1.4222064465386914,1.8132837167312268,-2.223038351466413
LF_sp19_c1,-0.10288477216269491,1.164265558686474,-3.438260575219318
LF_sp19_c2,-0.10288477216269491,1.164265558686474,-3.438260575219318
LF_sp19_c3,-0.2932365935541203,1.0658173715773458,-3.5803446044139795
LF_sp19_c4,-0.2932365935541203,1.0658173715773458,-3.5803446044139795
LF_sp20_c1,0.7839995153627272,1.8967349510137077,-2.7036255308378037
LF_sp20_c2,0.8244405733656867,1.9241935250183222,-2.7382064099715393
LF_sp20_c3,0.37607959406166097,1.7945274018605886,-2.7761726160072953
LF_sp20_c4,0.37607959406166097,1.7945274018605886,-2.7761726160072953
LF_sp21_c1,1.2769258266380972,1.5183370968832863,-2.4488551302266828
LF_sp21_c2,1.2092385325636352,1.6802251038757454,-2.460904783462736
LF_sp21_c3,1.2092385325636352,1.6802251038757454,-2.460904783462736
LF_sp21_c4,1.2092385325636352,1.6802251038757454,-2.460904783462736
LF_sp22_c1,-2.201161774154058,2.0133018599468864,-0.8323575691198479
LF_sp22_c2,-2.201161774154058,2.0133018599468864,-0.8323575691198479
LF_sp22_c3,-2.2520979498692575,2.0418330715590693,-0.714984956868783
LF_sp22_c4,-2.135324091699837,2.105267364539459,-0.5681969618285482
LF_sp23_c1,3.001466184677218,2.032629261456806,-2.535077939418037
LF_sp23_c2,2.998446496079901,2.045283687414973,-2.5538846835958315
LF_sp23_c3,2.9659566882738635,1.9400331790525551,-2.636300722864078
LF_sp23_c4,2.9659566882738635,1.9400331790525551,-2.636300722864078
LF_sp24_c1,0.24769969505202613,3.7625940686112593,-0.6095979118854903
LF_sp24_c2,0.24769969505202613,3.7625940686112593,-0.6095979118854903
LF_sp24_c3,0.11095888351482203,3.6451153710401596,-0.7962249244086398
LF_sp24_c4,0.09682236109872759,3.602514491402417,-0.7949910698252675
LF_sp25_c1,0.7610847074794951,-0.5092483023166958,-2.181887664534921
LF_sp25_c2,0.6025728475073826,0.3755744995464369,-2.3244322017741474
LF_sp25_c3,0.4200338371402271,0.5071466095213685,-2.118483244764219
LF_sp25_c4,0.36669371966996683,0.5565576311650501,-2.081371498928736
Seraya_sp01_c1,-0.04802144394809691,-0.7817276584663782,0.6400464521119488
Seraya_sp01_c2,-0.04802144394809691,-0.7817276584663782,0.6400464521119488
Seraya_sp01_c3,0.141399867186554,-0.5025789834925558,0.4127213957549435
Seraya_sp02_c1,-0.9023212909250355,1.488802597986481,-0.0648857092230542
Seraya_sp02_c2,-0.92374609980774,1.4630365080430567,-0.02595188571604992
Seraya_sp02_c3,-0.7759313016345457,1.3710674130013571,-0.09642934388621624
Seraya_sp03_c1,0.8581309119147255,1.481302080486747,-0.29457855601732497
Seraya_sp03_c2,0.8581309119147255,1.481302080486747,-0.29457855601732497
Seraya_sp03_c3,0.8053300099421481,1.809053765418115,-0.3770734841240525
Seraya_sp04_c1,-0.8279560089006659,-0.8139324566292342,-1.6047637219310253
Seraya_sp04_c2,-0.8279560089006659,-0.8139324566292342,-1.6047637219310253
Seraya_sp04_c3,-1.0214928566292332,-0.8183260358240764,-1.537778215482121
Seraya_sp05_c1,0.09783482448651287,-1.0599687384496184,-2.358368453197196
Seraya_sp05_c2,0.09783482448651287,-1.0599687384496184,-2.358368453197196
Seraya_sp05_c3,0.11830114813306722,-1.0646088418519755,-2.3955814082048135
Seraya_sp06_c1,-1.361052513602091,-1.730794425731367,-2.6924472174974636
Seraya_sp06_c2,-1.361052513602091,-1.730794425731367,-2.6924472174974636
Seraya_sp06_c3,-1.4793010507705808,-1.4293525879292959,-2.832346686289848
Seraya_sp07_c1,0.8262629863776614,-1.787874710541008,-1.4456676846971077
Seraya_sp07_c2,0.8262629863776614,-1.787874710541008,-1.4456676846971077
Seraya_sp07_c3,0.9383833557304548,-1.8495693012219978,-1.4792393669828
Seraya_sp08_c1,-1.0772614015030961,-0.7404905229972534,-2.503401619576015
Seraya_sp08_c2,-1.0772614015030961,-0.7404905229972534,-2.503401619576015
Seraya_sp08_c3,-1.0772614015030961,-0.7404905229972534,-2.503401619576015
Seraya_sp09_c1,-0.2283273914011417,-0.10218427270102551,-2.055766934648928
Seraya_sp09_c2,-0.2283273914011417,-0.10218427270102551,-2.055766934648928
Seraya_sp09_c3,-0.30258847424237406,-0.16582945469775923,-2.109616891554466
Seraya_sp10_c1,-1.1505179502121659,0.6446985543826257,0.8439376678151198
Seraya_sp10_c2,-1.1505179502121659,0.6446985543826257,0.8439376678151198
Seraya_sp10_c3,-1.2152297861828039,0.6355605590666128,0.7698631094862178
Seraya_sp11_c1,-0.5928445786362435,-0.9518696416746261,0.008419499215726281
Seraya_sp11_c2,-0.5928445786362435,-0.9518696416746261,0.008419499215726281
Seraya_sp11_c3,-0.5923126796600111,-0.9542487560687287,0.006885412594657037
Seraya_sp12_c1,0.8523821224157125,0.3677728432888888,0.5514049962031801
Seraya_sp12_c2,0.525520745179588,0.34592602818897644,0.2641051488999326
Seraya_sp12_c3,0.761951843676836,0.154705242689066,0.41375244086291285
Seraya_sp13_c1,-0.9963760559019738,0.5855732544544118,0.26976734904597616
Seraya_sp13_c2,-0.9963760559019738,0.5855732544544118,0.26976734904597616
Seraya_sp13_c3,-1.0289630622141508,0.552023630669884,0.32682664347577184
Seraya_sp14_c1,0.25268069779483715,-1.3134175560835948,-1.2299006941924873
Seraya_sp14_c2,0.25268069779483715,-1.3134175560835948,-1.2299006941924873
Seraya_sp14_c3,0.25268069779483715,-1.3134175560835948,-1.2299006941924873
Seraya_sp15_c1,-0.07624284695114494,-0.9629745851597955,-2.602696582636787
Seraya_sp15_c2,-0.07624284695114494,-0.9629745851597955,-2.602696582636787
Seraya_sp15_c3,-0.07624284695114494,-0.9629745851597955,-2.602696582636787
Seraya_sp16_c1,-1.4752253514639793,-1.6674037285780428,-2.2384666784625873
Seraya_sp16_c2,-1.4752253514639793,-1.6674037285780428,-2.2384666784625873
Seraya_sp16_c3,-1.4688312852651848,-1.678355887439832,-2.2542112820814357
Seraya_sp17_c1,-0.7714135728309199,-0.8995117382293282,-3.365396525527022
Seraya_sp17_c2,-0.7714135728309199,-0.8995117382293282,-3.365396525527022
Seraya_sp17_c3,-0.6859053530186219,-0.887282689793848,-3.3161564876618574
Seraya_sp18_c1,-0.8893581039556601,-1.0021258105105135,-1.5780527279618408
Seraya_sp18_c2,-0.8893581039556601,-1.0021258105105135,-1.5780527279618408
Seraya_sp18_c3,-1.1272323001584739,-0.8036478548451761,-1.5914274489931461
Seraya_sp19_c1,-1.7210375409941356,-0.08051240580604914,-1.34793910619893
Seraya_sp19_c2,-1.7210375409941356,-0.08051240580604914,-1.34793910619893
Seraya_sp19_c3,-1.7210375409941356,-0.08051240580604914,-1.34793910619893
Seraya_sp20_c1,-2.9487063115603496,0.9930121176213137,0.3124273964326181
Seraya_sp20_c2,-2.9487063115603496,0.9930121176213137,0.3124273964326181
Seraya_sp20_c3,-2.9797063969505073,0.9396314798621893,0.37723774481275946
Seraya_sp21_c1,-1.552212254640124,0.4071918377110891,0.9685197227002377
Seraya_sp21_c2,-1.5794351108428786,0.349569205800953,1.0476322569135448
Seraya_sp21_c3,-1.5420624529775802,0.45255996065235715,0.9752040275448357
Seraya_sp22_c1,0.3051116631669373,1.678776768751834,1.7723496084524326
Seraya_sp22_c2,0.3051116631669373,1.678776768751834,1.7723496084524326
Seraya_sp22_c3,0.25221638298821497,1.608889669567449,1.8689410963021391
Seraya_sp23_c1,-0.14352211105720103,1.8123536465791135,0.3428817481195947
Seraya_sp23_c2,-0.14352211105720103,1.8123536465791135,0.3428817481195947
Seraya_sp23_c3,-0.3233509392292271,2.0646900655359395,0.2987139870831541
Seraya_sp24_c1,0.5764485889947081,0.11652245557243694,-2.65174195503016
Seraya_sp24_c2,0.5822703830962902,0.12659725383251785,-2.658830107293166
Seraya_sp24_c3,0.5042217047605683,-0.03065060609658935,-2.758021960549359
Seraya_sp25_c1,1.7137617327353636,0.8361578319009216,-3.094712311068872
Seraya_sp25_c2,1.5151310179739221,0.8652710452029861,-3.1818723940128995
Seraya_sp25_c3,1.670717950150326,0.7654442307185629,-3.2415413328272242
Tower_sp01_c1,0.46290513958647206,0.002636027869400953,0.685863143683838
Tower_sp01_c2,0.46290513958647206,0.002636027869400953,0.685863143683838
Tower_sp01_c3,0.46290513958647206,0.002636027869400953,0.685863143683838
Tower_sp01_c4,0.3911937543219956,0.1078227139394217,0.44283834673236766
Tower_sp02_c1,0.2135382014449141,-0.6497915638073468,0.7380780252082079
Tower_sp02_c2,0.4334553415521133,-0.7131649989244836,0.8356085342877758
Tower_sp02_c3,0.4334553415521133,-0.7131649989244836,0.8356085342877758
Tower_sp02_c4,0.49066600749585754,-0.7148708313885611,0.855149127149677
Tower_sp03_c1,0.28854987720585235,-0.10277327980259168,0.6329684781689536
Tower_sp03_c2,0.24779845289023114,-0.14408212771977807,0.6951523966089237
Tower_sp03_c3,0.061938572385672096,0.022345910080584543,0.49078990651751153
Tower_sp03_c4,0.061938572385672096,0.022345910080584543,0.49078990651751153
Tower_sp04_c1,0.9555560942272994,0.13778100056803225,0.8091021078340821
Tower_sp04_c2,1.2536856331117812,0.10053953495567904,1.0800170487784952
Tower_sp04_c3,1.2536856331117812,0.10053953495567904,1.0800170487784952
Tower_sp04_c4,1.4882327603131278,0.33548871167527966,1.4492315268391376
Tower_sp05_c1,1.0658749564426213,0.03920854375719065,1.0127052140372812
Tower_sp05_c2,1.0455447956015387,0.05569070176053614,0.8605766906516936
Tower_sp05_c3,0.8884630354664426,0.045765011110790094,0.8600103755381332
Tower_sp05_c4,1.2200426743775772,0.057875944238158714,1.025235450538466
Tower_sp06_c1,0.9475865337201131,0.36674538092621034,1.3276918243923992
Tower_sp06_c2,1.2111957700026839,0.3573935814537721,1.3699366899033938
Tower_sp06_c3,1.2111957700026839,0.3573935814537721,1.3699366899033938
Tower_sp06_c4,1.5247919280021622,0.2850350365359401,1.632256157519081
Tower_sp07_c1,1.2050234915082045,-0.010177082193081041,0.29698244673069585
Tower_sp07_c2,1.3474893211453034,-0.01930071582682999,0.44825316499731854
Tower_sp07_c3,1.3474893211453034,-0.01930071582682999,0.44825316499731854
Tower_sp07_c4,1.8484540212243292,-0.051382923880540374,0.9801792429924042
Tower_sp08_c1,0.32341760746773335,-0.33242648457140894,0.7948750135388419
Tower_sp08_c2,0.41180878653290265,-0.3400325926757129,0.8925527309113431
Tower_sp08_c3,0.43149689510303346,-0.340527244446646,0.9186837065512318
Tower_sp08_c4,0.5043805493845662,-0.34675853978140503,0.9993719149482242
Tower_sp09_c1,0.6689736074504524,-0.2673187953755059,0.7799726729315146
Tower_sp09_c2,0.7035150160096302,-0.15687267976074465,1.0353377859659014
Tower_sp09_c3,0.6437072663240546,-0.11826066343900439,0.9550334329359521
Tower_sp09_c4,0.6205618069218378,-0.31203235342770486,0.8451515667283775
Tower_sp10_c1,0.7799244605126187,0.3867326131374542,1.3916124172965076
Tower_sp10_c2,0.8743060408685543,0.46541337003770333,1.2680450562743069
Tower_sp10_c3,0.7892451472390298,0.3633501140967564,1.1571714631286563
Tower_sp10_c4,0.7730500760440756,0.64546601394891,1.2693201887577752
Tower_sp11_c1,0.45465774665491093,-0.12675290731482053,0.7097237098935079
Tower_sp11_c2,0.5028282592618643,-0.07682860384396997,0.6374448878838573
Tower_sp11_c3,0.5028282592618643,-0.07682860384396997,0.6374448878838573
Tower_sp11_c4,0.38924247205275964,-0.08282739410208516,0.5384564863903863
Tower_sp12_c1,1.4138463778413037,-2.1114152606101584,0.24399072090335344
Tower_sp12_c2,1.6572214771976592,-2.2613840222823973,0.1933803503475548
Tower_sp12_c3,1.3298339710359677,-2.025930391479256,0.39189649177365604
Tower_sp12_c4,1.973225057524111,-1.9440902593332168,0.4420454022123163
Tower_sp13_c1,0.696180104047363,-0.2269379394771781,1.7233973918902308
Tower_sp13_c2,0.900350853492841,-0.051563575821864445,1.4753517810532304
Tower_sp13_c3,0.8967604604841376,-0.03064898931666442,1.468022687763646
Tower_sp13_c4,0.7252272271178305,0.21458417539479932,1.2750517940270147
Tower_sp14_c1,2.8491259940952673,-0.9267078687431332,-0.3594428880378622
Tower_sp14_c2,2.7749774787798844,-1.0991154545611646,-0.3571395045193287
Tower_sp14_c3,2.340708897523538,-0.9349473570269279,-0.4712723053576463
Tower_sp14_c4,2.340708897523538,-0.9349473570269279,-0.4712723053576463
Tower_sp15_c1,1.8590167980350354,-1.2158355183918153,-1.8139186749803622
Tower_sp15_c2,1.8590167980350354,-1.2158355183918153,-1.8139186749803622
Tower_sp15_c3,1.50267326059617,-1.207491881808528,-2.0343912661312777
Tower_sp15_c4,1.44042414260719,-1.1587478208367548,-2.074008702959443
Tower_sp16_c1,1.1317250725890913,-0.5398041627617656,0.8013767710746673
Tower_sp16_c2,1.196496439934587,-0.6350648973291901,0.8208454605562528
Tower_sp16_c3,0.890331095145224,-0.45547244610727744,0.6590009857568502
Tower_sp16_c4,0.7318530307831128,-0.2957179571530747,0.8096827845596994
Tower_sp17_c1,1.2538102390526789,-0.4336104218084109,0.7257044636586261
Tower_sp17_c2,1.4543963238956226,-0.46339071848526203,0.6911738214639828
Tower_sp17_c3,1.3257772787023185,-0.4352462134044039,0.6026691550352943
Tower_sp17_c4,1.387598802392609,-0.5334950863637569,0.7840450990799703
Tower_sp18_c1,1.314621856046819,-0.6472457449466037,0.15454279048837394
Tower_sp18_c2,1.4172844627544816,-0.5188186598092109,-0.01319429371594831
Tower_sp18_c3,1.248560779552512,-0.33638099176462855,0.15733275494124208
Tower_sp18_c4,1.6404447013183958,-0.12122405194443914,0.38374655643952715
Tower_sp19_c1,0.7935050161221087,-0.7785726549399329,1.8058675316675765
Tower_sp19_c2,1.2135732840822815,-0.6905176575082682,2.188348008901803
Tower_sp19_c3,1.2135732840822815,-0.6905176575082682,2.188348008901803
Tower_sp19_c4,1.121301621286858,-0.6900566289636106,2.0159470523519927
Tower_sp20_c1,-0.08963038369471188,-0.8353197275778167,0.3821432585333086
Tower_sp20_c2,-0.17228041465743105,-1.1028737452468684,0.43664635913158684
Tower_sp20_c3,-0.3133265112331343,-0.8919311540051139,0.4463830883375714
Tower_sp20_c4,-0.13769944984833632,-1.1103622235370096,0.7361159030581585
Tower_sp21_c1,0.9633835905236122,-1.4228506606602185,0.729018815273473
Tower_sp21_c2,0.9203646929848998,-1.576296722348225,0.731432447325785
Tower_sp21_c3,0.7372227992144867,-1.3868812809998725,0.4491358431239358
Tower_sp21_c4,0.7372227992144867,-1.3868812809998725,0.4491358431239358
Tower_sp22_c1,0.6499123025954576,0.013659457103251477,0.8864346455399034
Tower_sp22_c2,0.839556483140753,-0.14493584727211342,1.1565149398608663
Tower_sp22_c3,0.839556483140753,-0.14493584727211342,1.1565149398608663
Tower_sp22_c4,0.955288484601463,0.0041826692194157356,1.2318962658993338
Tower_sp23_c1,0.5621023513801242,0.29335426516857127,1.4633805595944236
Tower_sp23_c2,0.6055832877937748,0.360076137606716,1.603153784119568
Tower_sp23_c3,0.6115736910401487,0.5095637056081961,1.6454960939382555
Tower_sp23_c4,0.804169430135987,0.6242701560752384,2.0029730486267754
Tower_sp24_c1,1.4215037386498395,0.4392264522592789,1.7936554920957077
Tower_sp24_c2,1.4941530360764135,0.3692041383247328,1.7866182596179603
Tower_sp24_c3,1.4835447819373753,0.36602514708613215,1.78721281724221
Tower_sp24_c4,1.4931362181545285,0.41295898306644635,1.8760591624858551
Tower_sp25_c1,1.0627469976712476,1.550234091831544,1.5446161167280343
Tower_sp25_c2,1.1448990160697108,1.628192408785113,1.4167046653388575
Tower_sp25_c3,1.0053729211594005,1.5789710053217347,1.6521756421852993
Tower_sp25_c4,1.0053729211594005,1.5789710053217347,1.6521756421852993
