,plot,subplot,census,f_type,avghgt,tbiomc,simpdv,avghgtnorm,tbiomcnorm
0,BNorth,1,1,Logged,18.88235294117647,6073.846762001933,0.8948306595365418,0.4966553295096574,0.1708093240392728
1,BNorth,1,2,Logged,19.31470588235294,6460.411295327467,0.8948306595365418,0.5132594535573989,0.18170526959194508
2,BNorth,1,3,Logged,19.14666666666666,5863.367674569529,0.9563218390804598,0.506806059312993,0.16487663110205414
3,BNorth,1,4,Logged,18.9375,4454.960628528725,0.9746376811594203,0.49877320247493057,0.12517840437224326
4,BNorth,2,1,Logged,13.473333333333333,1805.7793075233672,0.7238095238095238,0.2889268188606784,0.05050695123993358
5,BNorth,2,2,Logged,13.78,2280.34783075742,0.5366666666666666,0.30070407510134406,0.06388343134711358
6,BNorth,2,3,Logged,13.836000000000002,2373.316107142081,0.7266666666666667,0.3028547045018135,0.06650389233172233
7,BNorth,2,4,Logged,13.790138346853679,1977.5228248296833,0.7309941520467836,0.301093429151624,0.055347819587310346
8,BNorth,3,1,Logged,14.080000000000002,317.1015190947196,0.0,0.31222530403243015,0.008546164023762744
9,BNorth,3,2,Logged,15.6,532.4713164587499,0.33333333333333337,0.37059953061659895,0.014616709517372125
10,BNorth,3,3,Logged,16.2,1000.3686517930493,0.41666666666666663,0.39364198847877097,0.027805151421714337
11,BNorth,3,4,Logged,15.9375,844.7883621927056,0.4642857142857143,0.38356091316407076,0.023419869745790977
12,BNorth,4,1,Logged,16.838095238095242,3197.6614229224183,0.6238095238095238,0.4181474595385413,0.0897393961170089
13,BNorth,4,2,Logged,16.382758620689657,3920.8216547953434,0.6182266009852218,0.40066066817242113,0.11012283493008218
14,BNorth,4,3,Logged,15.907142857142857,3057.603761305875,0.7513227513227514,0.3823950745222346,0.08579164477500122
15,BNorth,4,4,Logged,16.55079445579012,3107.6840532228143,0.8066666666666666,0.4071139325884833,0.08720323866669791
16,BNorth,5,2,Logged,8.6,13.902141711718372,0.0,0.10177085555792613,0.0
17,BNorth,5,3,Logged,12.5,97.0844950333456,1.0,0.2515468316620439,0.002344628941870208
18,BNorth,5,4,Logged,12.9,108.61954652215701,1.0,0.2669084702368252,0.0026697629935849786
19,BNorth,6,2,Logged,13.9,34.5877576993593,0.0,0.3053125666737785,0.0005830574874157365
20,BNorth,6,3,Logged,14.233333333333334,334.25286745277884,0.8,0.31811393215276296,0.009029602471301213
21,BNorth,6,4,Logged,15.512,396.3187517566442,0.7,0.3672199701301472,0.010779029637408753
22,BNorth,7,1,Logged,13.145454545454545,665.2283677904672,0.8727272727272728,0.27633493027135003,0.01835868137029835
23,BNorth,7,2,Logged,13.33076923076923,821.0664638376685,0.8461538461538461,0.2834517733173589,0.022751229737203216
24,BNorth,7,3,Logged,13.361538461538462,911.5160669076516,0.9487179487179487,0.28463343782311135,0.025300697847567638
25,BNorth,7,4,Logged,13.589090909090908,789.5918003814053,0.9636363636363636,0.2933723839633802,0.02186406552594505
26,BNorth,8,1,Logged,12.28,208.96404406491698,0.8,0.24309793044591416,0.005498134681826325
27,BNorth,8,2,Logged,12.411111111111111,399.17011493140546,0.5555555555555556,0.24813313420098138,0.01085939991254967
28,BNorth,8,3,Logged,14.52727272727273,763.403013132975,0.7818181818181819,0.329402408984231,0.02112589227064252
29,BNorth,8,4,Logged,15.91375,756.9015452295062,0.7857142857142857,0.38264881587369315,0.02094263789994476
30,BNorth,9,1,Logged,13.0,50.53970627846189,0.0,0.27074887988052054,0.0010326889155285667
31,BNorth,9,2,Logged,14.466666666666667,139.19183523412423,0.6666666666666667,0.32707488798805195,0.0035314923156220045
32,BNorth,9,3,Logged,15.571428571428571,380.4158930514674,0.8571428571428572,0.3695022707184003,0.010330781886657323
33,BNorth,9,4,Logged,16.88,567.1985258315298,0.8571428571428572,0.4197567740558992,0.01559555198713231
34,BNorth,10,1,Logged,14.7125,1720.1430877534563,0.6956521739130435,0.33651589502880297,0.048093156109991195
35,BNorth,10,2,Logged,15.25454545454545,1743.805433122592,0.6017316017316017,0.3573326609383787,0.04876011752151187
36,BNorth,10,3,Logged,14.71764705882353,1508.3672296227542,0.7205882352941176,0.33671356317222856,0.04212391159676166
37,BNorth,10,4,Logged,14.88657039396592,1179.0695872559768,0.717948717948718,0.3432009112254886,0.032842125833890824
38,BNorth,11,2,Logged,12.3,24.94571956132854,0.0,0.24386601237465327,0.00031128107361757715
39,BNorth,11,3,Logged,21.0,160.0734452831374,0.0,0.5779816513761467,0.004120074212126665
40,BNorth,12,1,Logged,13.590476190476192,1271.3174467741878,0.8761904761904762,0.293425584443293,0.03544228070587063
41,BNorth,12,2,Logged,14.273913043478261,1631.6477741814645,0.8972332015810277,0.3196723592545523,0.045598772804694335
42,BNorth,12,3,Logged,14.207142857142856,1994.5676425981524,0.9576719576719577,0.31710811057941407,0.05582825529816761
43,BNorth,12,4,Logged,14.876923076923076,2178.544969058464,0.9569230769230769,0.34283041473141734,0.06101395331032758
44,BNorth,13,1,Logged,16.004,2783.9250614748366,0.9033333333333333,0.3861147855771282,0.07807756871470746
45,BNorth,13,2,Logged,17.193103448275863,3397.466889872165,0.9014778325123153,0.4317812290782281,0.09537123582636306
46,BNorth,13,3,Logged,18.98695652173913,3427.2126947273246,0.9130434782608696,0.5006725355052365,0.09620966936638287
47,BNorth,13,4,Logged,18.85238095238095,3091.8221320681105,0.9476190476190476,0.495504282361547,0.08675614480690791
48,BNorth,14,1,Logged,12.591666666666669,482.621087867632,0.9696969696969697,0.2550672071687647,0.013211600331994075
49,BNorth,14,2,Logged,13.238461538461538,574.5797786590306,0.9102564102564102,0.27990677980010165,0.015803604516491564
50,BNorth,14,3,Logged,12.685,920.4554130636593,0.8842105263157894,0.25865158950288025,0.025552667753224567
51,BNorth,14,4,Logged,12.975,1007.0280430767845,0.8842105263157894,0.2697887774695967,0.027992857117881798
52,BNorth,15,1,Logged,13.863636363636363,687.2817751714671,0.8909090909090909,0.30391605407607103,0.018980292266691474
53,BNorth,15,2,Logged,14.153846153846153,878.9258432361861,0.9102564102564102,0.31506129884623585,0.024382089770362943
54,BNorth,15,3,Logged,13.958823529411763,1064.7850422039426,0.8602941176470589,0.3075716311700698,0.029620831397781124
55,BNorth,15,4,Logged,14.185714285714287,1037.3952663132984,0.8571428571428572,0.3162851656557652,0.02884880633837653
56,BNorth,16,1,Logged,17.433333333333334,1966.506626954109,0.9428571428571428,0.4410070407510134,0.055037310262471065
57,BNorth,16,2,Logged,17.866666666666664,2505.86444205429,0.9411764705882353,0.457648815873693,0.07023998117535293
58,BNorth,16,3,Logged,16.772413793103446,3512.0396769745794,0.9532019704433498,0.415625022990958,0.09860065483008354
59,BNorth,16,4,Logged,17.303571428571427,3845.2565287919274,0.9497354497354498,0.43602365204669435,0.10799290983961694
60,BNorth,17,1,Logged,17.56666666666667,2446.091698668133,0.9619047619047619,0.44612758694260723,0.06855518988871682
61,BNorth,17,2,Logged,17.89,2566.8728848709984,0.9842105263157894,0.45854491145722204,0.07195960264570748
62,BNorth,17,3,Logged,18.52962962962963,3805.946450205891,0.9886039886039886,0.48310930943745095,0.10688489180117981
63,BNorth,17,4,Logged,18.962962962962962,4221.504763213674,0.9886039886039886,0.49975108456013073,0.1185980738500878
64,BNorth,18,1,Logged,18.309090909090912,2775.6232586346764,0.974025974025974,0.47463971914579983,0.07784356899684086
65,BNorth,18,2,Logged,18.491304347826084,2899.314055692469,0.9762845849802372,0.48163746161909426,0.08132999383388972
66,BNorth,18,3,Logged,19.912,3947.0081327335597,0.9766666666666667,0.5361979944527415,0.11086094309374751
67,BNorth,18,4,Logged,20.358333333333334,4157.211394410305,0.9855072463768116,0.5533390228291017,0.11678586143667054
68,BNorth,19,1,Logged,18.2,4371.98575971811,0.9145299145299145,0.4704501813526775,0.12283962371633855
69,BNorth,19,2,Logged,18.103225806451615,5154.358130457248,0.9182795698924731,0.466733655891037,0.14489205227245225
70,BNorth,19,3,Logged,18.196296296296296,4761.829944686052,0.9658119658119658,0.4703079439584666,0.13382801154616436
71,BNorth,19,4,Logged,17.886363636363633,3503.5803756396845,0.9523809523809523,0.45840526019745115,0.09836221576283201
72,BNorth,20,1,Logged,13.87142857142857,1264.7932857628814,0.989010989010989,0.30421530677557973,0.035258386693286195
73,BNorth,20,2,Logged,14.613333333333333,1524.2204632109072,0.9714285714285714,0.33270748879880513,0.04257076058346072
74,BNorth,20,3,Logged,14.457142857142854,1597.9450344061665,0.989010989010989,0.32670913468865226,0.04464880666473736
75,BNorth,20,4,Logged,14.729999999999999,1693.3528156356458,0.989010989010989,0.33718796671644957,0.04733802903243512
76,BNorth,21,1,Logged,16.745454545454546,1950.7961744413576,0.5627705627705628,0.4145896774443819,0.05459448579092901
77,BNorth,21,2,Logged,18.966666666666665,3893.6567886542844,0.644927536231884,0.49989332195434166,0.10935714931512858
78,BNorth,21,3,Logged,21.220000000000002,4734.597630547474,0.5157894736842106,0.5864305525922765,0.1330604248004933
79,BNorth,21,4,Logged,21.916666666666668,4768.033814713881,0.5620915032679739,0.6131854064433538,0.13400287764020968
80,BNorth,22,1,Logged,16.408695652173915,2819.1772261234914,0.7430830039525691,0.4016567564308309,0.07907120789655686
81,BNorth,22,2,Logged,17.313333333333333,3800.0143071011385,0.6367816091954023,0.43639854917857895,0.10671768476921548
82,BNorth,22,3,Logged,17.67,3959.99016349229,0.639080459770115,0.45009601024109236,0.11122686259260418
83,BNorth,22,4,Logged,17.996666666666666,4266.964902757246,0.639080459770115,0.46264134841049703,0.11987944128703919
84,BNorth,23,1,Logged,20.342857142857145,999.1662221760389,0.5238095238095238,0.5527446737175775,0.027771259001410913
85,BNorth,23,2,Logged,21.771428571428572,1308.5394585852591,0.5238095238095238,0.6076076686275107,0.036491443210680194
86,BNorth,23,3,Logged,20.68888888888889,1727.1747958948129,0.7222222222222222,0.5660337102624279,0.048291356157966064
87,BNorth,23,4,Logged,21.188888888888886,1832.8239808587905,0.7222222222222222,0.5852357584809045,0.051269249026586514
88,BNorth,24,1,Logged,21.033333333333335,4066.5282315677164,0.6339869281045751,0.5792617879240451,0.1142298100669892
89,BNorth,24,2,Logged,19.629166666666666,5061.67255628326,0.6594202898550725,0.5253360358438233,0.14227955970612702
90,BNorth,24,3,Logged,20.11904761904762,5679.435793953127,0.680952380952381,0.5441494711816879,0.1596922140543856
91,BNorth,24,4,Logged,20.547619047619047,6139.9657508885,0.680952380952381,0.5606083696546679,0.1726729945025408
92,BNorth,25,1,Logged,23.942857142857143,1957.6022887423278,0.7142857142857143,0.6909994208906092,0.054786327112249046
93,BNorth,25,2,Logged,22.466666666666665,2445.850397731896,0.7222222222222222,0.6343076594836781,0.06854838843220339
94,BNorth,25,3,Logged,21.26666666666667,2257.850231994589,0.8636363636363636,0.5882227437593344,0.0632493001993933
95,BNorth,25,4,Logged,21.409999999999997,1643.4782805141613,0.8666666666666667,0.5937273309152974,0.04593223472825124
96,BSouth,1,1,Logged,6.9363636363636365,311.81335815331823,0.8909090909090909,0.037880404212812996,0.008397108668902357
97,BSouth,1,2,Logged,6.375,298.63503953304985,0.9545454545454546,0.01632174098570513,0.008025656479724693
98,BSouth,1,3,Logged,6.01111111111111,279.1801542476541,1.0,0.002346917004480435,0.007477289124397131
99,BSouth,1,4,Logged,6.211111111111111,372.73473843432697,1.0,0.010027736291871129,0.010114276141109428
100,BSouth,2,1,Logged,7.527272727272727,403.93180812085427,0.9818181818181818,0.0605737339255581,0.010993615923740414
101,BSouth,2,2,Logged,8.6,637.497039314759,0.9818181818181818,0.10177085555792613,0.017577029099783058
102,BSouth,2,3,Logged,7.899999999999999,666.3056109587377,0.9848484848484849,0.0748879880520588,0.01838904520840705
103,BSouth,2,4,Logged,7.908333333333334,656.1549893761221,0.9848484848484849,0.0752080221890335,0.018102933549019973
104,BSouth,3,1,Logged,12.8,187.89538611758857,0.8333333333333334,0.26306806059312987,0.00490428053828376
105,BSouth,3,2,Logged,12.05,323.3807225537188,0.8571428571428572,0.23426498826541495,0.008723153512205518
106,BSouth,3,3,Logged,12.533333333333335,825.8814691760247,0.8380952380952381,0.2528269682099424,0.02288694843739337
107,BSouth,3,4,Logged,12.973333333333333,907.7666942313244,0.8380952380952381,0.26972477064220174,0.025195015724620434
108,BSouth,4,1,Logged,11.473913043478262,1672.3325482340142,0.9604743083003953,0.2121408892310832,0.04674553885455863
109,BSouth,4,2,Logged,11.600000000000001,2151.6518995074243,0.9658119658119658,0.216983144868786,0.06025592872113022
110,BSouth,4,3,Logged,12.878125,3474.8865928660075,0.9737903225806451,0.26606838062726684,0.09755343516386561
111,BSouth,4,4,Logged,13.326666666666664,3651.0334229318446,0.9747126436781609,0.28329421804992516,0.10251841799134323
112,BSouth,5,1,Logged,11.021739130434783,2617.9352848860676,0.9723320158102767,0.1947755586682869,0.07339887883994756
113,BSouth,5,2,Logged,10.947826086956523,2064.4686059364444,0.9644268774703557,0.19193699501859907,0.057798526818064085
114,BSouth,5,3,Logged,11.534782608695652,2227.3348747863533,0.9644268774703557,0.21447852988376725,0.06238917558371553
115,BSouth,5,4,Logged,11.937155663257357,2247.2370201092854,0.9714285714285714,0.22993130347478644,0.06295014968538622
116,BSouth,6,1,Logged,13.665384615384616,3170.122599153456,0.96,0.29630237481741634,0.08896316990248819
117,BSouth,6,2,Logged,13.796,3056.5809669134546,0.96,0.3013185406443353,0.0857628156635576
118,BSouth,6,3,Logged,13.896296296296297,3640.647787581448,0.9287749287749287,0.30517032927956755,0.10222568208943747
119,BSouth,6,4,Logged,13.807692307692308,3560.1011588496704,0.9323076923076923,0.30176757315652125,0.09995534530100353
120,BSouth,7,1,Logged,12.47,1388.837975531522,0.9157894736842105,0.2503947087689353,0.03875478656781642
121,BSouth,7,2,Logged,12.152000000000001,1642.5132469745427,0.9166666666666666,0.23818220610198418,0.045905033699709566
122,BSouth,7,3,Logged,13.372,2078.321805593107,0.9299999999999999,0.28503520375506713,0.05818900161897444
123,BSouth,7,4,Logged,14.460000000000003,2049.735521272237,0.9736842105263158,0.3268188606784724,0.05738325103747681
124,BSouth,8,1,Logged,15.875,2601.282620421499,0.9545454545454546,0.38116065713676117,0.07292949660316574
125,BSouth,8,2,Logged,17.545454545454543,3177.0351449068335,0.9818181818181818,0.4453129545939444,0.08915801116614784
126,BSouth,8,3,Logged,16.057142857142857,4528.8443693840245,1.0,0.3881556889877777,0.12726093690739737
127,BSouth,8,4,Logged,17.366666666666664,4800.431958037813,1.0,0.43844676765521634,0.13491607162266941
128,BSouth,9,1,Logged,9.424999999999999,579.5937974303448,0.9545454545454546,0.13345423511841256,0.01594493273163413
129,BSouth,9,2,Logged,10.342857142857142,957.1197564355256,0.967032967032967,0.16870370934804466,0.02658611147261492
130,BSouth,9,3,Logged,11.28,2074.6100875033726,0.968421052631579,0.20469383400896088,0.05808438085135074
131,BSouth,9,4,Logged,11.785,2727.480593388463,0.968421052631579,0.2240879027096223,0.07648659024152002
132,BSouth,10,1,Logged,6.775,86.49123321697766,0.8333333333333334,0.031683379560486453,0.0020460407527692005
133,BSouth,10,2,Logged,5.95,54.8685394298409,1.0,0.0,0.0011547040676126517
134,BSouth,10,3,Logged,6.25,62.4765172261976,1.0,0.011521228931085974,0.001369147206309066
135,BSouth,10,4,Logged,6.300000000000001,63.9994553602913,1.0,0.013441433752933664,0.0014120736766875556
136,BSouth,11,1,Logged,10.590909090909092,1087.8283861311704,0.9454545454545454,0.17822992028240586,0.03027034525416778
137,BSouth,11,2,Logged,10.823076923076924,1462.951618181888,0.9358974358974359,0.18714611609853765,0.04084379925628402
138,BSouth,11,3,Logged,12.85,2530.7487422521176,0.9230769230769231,0.2649882654149775,0.0709413853567954
139,BSouth,11,4,Logged,13.441666666666665,2629.0385642119686,0.8939393939393939,0.2877106891401748,0.07371184269607362
140,BSouth,12,1,Logged,13.177777777777777,932.8225159608887,0.9444444444444444,0.2775762748026455,0.02590125451738855
141,BSouth,12,2,Logged,13.600000000000001,890.2009134606511,0.9642857142857143,0.29379133774269256,0.024699895830353633
142,BSouth,12,3,Logged,12.763636363636364,747.3389109148806,0.9272727272727272,0.26167154799542247,0.020673099611121633
143,BSouth,12,4,Logged,13.555555555555555,688.1659937579684,0.8888888888888888,0.2920844890121612,0.019005215395288648
144,BSouth,13,1,Logged,8.466666666666667,197.86699888011674,1.0,0.09665030936633238,0.005185346545033382
145,BSouth,13,2,Logged,8.700000000000001,210.10528517924627,1.0,0.10561126520162152,0.005530302405381376
146,BSouth,13,3,Logged,10.366666666666665,216.1697565576781,1.0,0.16961809259654353,0.0057012393234081695
147,BSouth,13,4,Logged,10.533333333333333,233.00638216873554,1.0,0.1760187753360358,0.0061758068021435285
148,BSouth,14,1,Logged,11.18,874.4347332428083,0.9777777777777777,0.20085342436526557,0.024255500583460748
149,BSouth,14,2,Logged,11.745454545454544,1053.9076072565526,0.9636363636363636,0.22256919525961547,0.02931423333013148
150,BSouth,14,3,Logged,10.820000000000002,1299.1725430859467,0.9238095238095239,0.1870279496479625,0.036227421572691376
151,BSouth,14,4,Logged,11.433333333333332,1254.4111387263044,0.9242424242424242,0.21058246212929368,0.03496574911513798
152,BSouth,15,1,Logged,11.364,1232.3554615497978,0.95,0.207919778109665,0.03434407424089349
153,BSouth,15,2,Logged,12.108000000000002,1526.9037827748834,0.9466666666666667,0.2364924258587583,0.04264639427809376
154,BSouth,15,3,Logged,11.823529411764705,918.5885800856626,0.9558823529411765,0.22556758995469312,0.025500048051387992
155,BSouth,15,4,Logged,12.274999999999999,944.9903104291459,0.9666666666666667,0.24290590996372935,0.026244223451661133
156,BSouth,16,1,Logged,14.445454545454549,2381.3492110488655,0.9437229437229437,0.3262602556393895,0.06673031833628694
157,BSouth,16,2,Logged,15.554166666666667,3092.091761468264,0.9347826086956522,0.3688393428632387,0.08676374474691843
158,BSouth,16,3,Logged,15.4625,3305.7396759251415,0.9173387096774194,0.3653189673565179,0.09278575619048703
159,BSouth,16,4,Logged,15.91875,3645.8567372809966,0.9173387096774194,0.38284083635587784,0.10237250474754485
160,BSouth,17,1,Logged,7.900000000000001,93.42770481343999,1.0,0.07488798805205892,0.0022415564049489732
161,BSouth,17,2,Logged,8.524999999999999,128.39437621057394,1.0,0.09889054832515459,0.0032271484985218995
162,BSouth,17,3,Logged,8.350000000000001,189.9354692801814,0.8333333333333334,0.09216983144868789,0.004961783576318074
163,BSouth,17,4,Logged,8.325,190.27071668020022,0.8333333333333334,0.09120972903776398,0.004971233065607367
164,BSouth,18,1,Logged,10.7,524.62313846061,0.8666666666666667,0.18241945807552798,0.014395495948140205
165,BSouth,18,2,Logged,11.31111111111111,547.1902586373982,0.8888888888888888,0.20588862812033273,0.015031586669168215
166,BSouth,18,3,Logged,11.6875,559.4654606259305,0.8571428571428572,0.22034350330701935,0.015377583057829328
167,BSouth,18,4,Logged,11.433333333333335,394.02057086010177,0.8,0.21058246212929382,0.010714251697995903
168,BSouth,19,1,Logged,12.585714285714285,495.7551619882314,0.9523809523809523,0.2548386113566399,0.01358180541850753
169,BSouth,19,2,Logged,12.633333333333333,685.5865765238718,0.9722222222222222,0.25666737785363763,0.018932510355593055
170,BSouth,19,3,Logged,14.207692307692309,1542.2118438210491,0.9871794871794872,0.3171292117313026,0.04307787669641366
171,BSouth,19,4,Logged,14.69090909090909,1563.461442725758,1.0,0.3356867156739141,0.04367683095300308
172,BSouth,20,1,Logged,9.3,437.2182280143368,1.0,0.12865372306379347,0.011931847415601946
173,BSouth,20,2,Logged,9.044444444444444,536.0614068467083,1.0,0.1188393428632387,0.014717902011830547
174,BSouth,20,3,Logged,11.09,964.5842802558268,1.0,0.19739705568593977,0.02679651112936288
175,BSouth,20,4,Logged,11.42,974.7540200938123,1.0,0.21007040751013437,0.027083161667647564
176,BSouth,21,1,Logged,12.511111111111113,1204.493070792685,0.9722222222222222,0.25197354384467674,0.03355872776835219
177,BSouth,21,2,Logged,13.233333333333334,1421.867890772603,0.9722222222222222,0.27970983571580965,0.03968578806187518
178,BSouth,21,3,Logged,15.1125,2079.7973033692456,0.9642857142857143,0.35187753360358437,0.05823059090626261
179,BSouth,21,4,Logged,15.9,2606.0806288319873,0.9642857142857143,0.382120759547685,0.0730647362174992
180,BSouth,22,1,Logged,10.233333333333333,462.6478175462302,0.9166666666666666,0.1644975464049498,0.012648621457396881
181,BSouth,22,2,Logged,10.177777777777779,548.0900712594906,0.9166666666666666,0.1623639854917858,0.01505694934083802
182,BSouth,22,3,Logged,12.071428571428571,806.2704154694082,0.9523809523809523,0.2350879331890639,0.022334179222950515
183,BSouth,22,4,Logged,12.285714285714286,902.05081664256,0.9523809523809523,0.24331738242555392,0.025033904485425425
184,BSouth,23,1,Logged,11.416666666666666,616.638477668698,0.9333333333333333,0.2099423938553445,0.016989096859731573
185,BSouth,23,2,Logged,11.642857142857142,777.541527166932,0.9523809523809523,0.21862903471608391,0.021524409117970458
186,BSouth,23,3,Logged,12.436363636363637,1290.957192471333,0.9454545454545454,0.24910293461605598,0.03599585865039514
187,BSouth,23,4,Logged,12.563636363636363,1346.503372220146,0.9454545454545454,0.2539907287080318,0.03756151741633355
188,BSouth,24,1,Logged,7.666666666666667,85.4119504117496,1.0,0.06592703221676978,0.002015619424199471
189,BSouth,24,2,Logged,8.6,127.30944164699658,1.0,0.10177085555792613,0.0031965678660172713
190,BSouth,24,3,Logged,8.639999999999999,183.47553705028486,1.0,0.10330701941540424,0.004779699955647082
191,BSouth,24,4,Logged,8.6,181.32874245329882,1.0,0.10177085555792613,0.004719189083528784
192,BSouth,25,1,Logged,7.916666666666667,174.89182805988844,0.9333333333333333,0.07552805632600809,0.004537754257745766
193,BSouth,25,2,Logged,8.633333333333333,239.03582292581467,0.9333333333333333,0.10305099210582457,0.006345756325543992
194,BSouth,25,3,Logged,10.966666666666667,646.4343439895814,0.9333333333333333,0.19266055045871555,0.017828941462996427
195,BSouth,25,4,Logged,12.08,763.6134348353969,0.9,0.2354171111585235,0.021131823346090556
196,Belian,1,1,Old-growth,18.936842105263157,27380.19484880737,0.9181286549707602,0.4987479366220115,0.7713631479582775
197,Belian,1,2,Old-growth,18.99473684210526,28031.53930936043,0.8947368421052632,0.5009713316788877,0.7897223432966773
198,Belian,1,3,Old-growth,19.526315789473685,31614.203336651055,0.8947368421052632,0.5213861408374787,0.8907055137884274
199,Belian,2,1,Old-growth,17.813636363636363,34776.16421699475,0.9437229437229437,0.45561223500203646,0.979830486779396
200,Belian,2,2,Old-growth,17.85909090909091,35491.734832489776,0.9437229437229437,0.45735787574917075,1.0
201,Belian,2,3,Old-growth,17.07727272727273,34988.46260211829,0.9437229437229437,0.427332854898462,0.9858144595596364
202,Belian,3,1,Old-growth,21.954545454545453,21218.551124028138,0.9636363636363636,0.6146401070659656,0.5976872704467163
203,Belian,3,2,Old-growth,21.963636363636365,21232.02209231131,0.9636363636363636,0.6149892352153926,0.5980669714391806
204,Belian,3,3,Old-growth,21.608333333333334,21288.47068825639,0.9696969696969697,0.6013441433752933,0.599658066262731
205,Belian,4,1,Old-growth,20.776923076923076,10796.488856692586,0.9743589743589743,0.5694145837094416,0.30392461706894636
206,Belian,4,2,Old-growth,20.869230769230764,10951.322587162409,0.9743589743589743,0.5729595772266988,0.30828885577031634
207,Belian,4,3,Old-growth,20.053333333333335,11790.863029103557,0.9619047619047619,0.541625773415831,0.33195265872182456
208,Belian,5,1,Old-growth,15.6375,3100.655618251698,0.9583333333333334,0.3720396842329848,0.0870051308783114
209,Belian,5,2,Old-growth,15.9,3228.716737797142,0.9583333333333334,0.382120759547685,0.09061474031137949
210,Belian,5,3,Old-growth,16.226666666666667,3303.8735126244155,0.9714285714285714,0.39466609771708977,0.09273315536458565
211,Belian,6,1,Old-growth,22.400000000000002,25775.340779064183,0.9560439560439561,0.6317473863878813,0.7261277446648756
212,Belian,6,2,Old-growth,20.885714285714283,24743.30154647372,0.945054945054945,0.5735926117833519,0.6970380524735392
213,Belian,6,3,Old-growth,18.40666666666667,10719.210626517366,0.9238095238095239,0.478387027949648,0.30174640537127106
214,Belian,7,1,Old-growth,22.800000000000004,14250.394828511655,1.0,0.6471090249626628,0.4012785338632172
215,Belian,7,2,Old-growth,22.792857142857144,14579.2303072381,1.0,0.646834709988113,0.41054729279763547
216,Belian,7,3,Old-growth,23.492857142857144,15914.566311339813,1.0,0.6737175774939802,0.4481858942235003
217,Belian,8,1,Old-growth,20.36,11795.281416436132,0.9894736842105263,0.5534030296564966,0.33207719810310765
218,Belian,8,2,Old-growth,20.09523809523809,11976.104590166835,0.9904761904761905,0.5432350879331889,0.3371739912276128
219,Belian,8,3,Old-growth,20.825,12457.087109790487,0.9894736842105263,0.5712609344996799,0.350731260179633
220,Belian,9,1,Old-growth,22.311111111111114,10821.863636507378,0.9869281045751634,0.6283336889268188,0.3046398462103642
221,Belian,9,2,Old-growth,21.589999999999996,11387.576193871735,0.9631578947368421,0.600640068273949,0.3205853680886329
222,Belian,9,3,Old-growth,21.06190476190476,13463.597471495821,0.9666666666666667,0.5803590478222437,0.3791013799239251
223,Belian,10,1,Old-growth,18.53181818181818,8302.849832615217,0.9523809523809523,0.48319335880675746,0.2336373747277434
224,Belian,10,2,Old-growth,18.704347826086952,9593.444052151463,0.9525691699604744,0.4898192039034886,0.2700148567116335
225,Belian,10,3,Old-growth,19.330434782608688,10633.24223647956,0.9525691699604744,0.5138635077596678,0.2993232474859769
226,Belian,11,1,Old-growth,17.588888888888892,5438.331833227858,0.9607843137254902,0.4469810113078729,0.15289630961380965
227,Belian,11,2,Old-growth,17.788888888888888,5637.598606848043,0.9607843137254902,0.4546618305952634,0.15851296538184878
228,Belian,11,3,Old-growth,18.83529411764706,5948.126513565021,0.9558823529411765,0.49484807791262436,0.16726569583817383
229,Belian,12,1,Old-growth,24.42142857142857,18904.22088628324,0.967032967032967,0.7093785241854368,0.5324541357759371
230,Belian,12,2,Old-growth,23.15333333333334,19030.02466884293,0.9428571428571428,0.6606784723703862,0.5360001185211681
231,Belian,12,3,Old-growth,23.293333333333337,19425.087851050648,0.9428571428571428,0.6660550458715596,0.5471356122152462
232,Belian,13,1,Old-growth,18.464285714285715,12885.072330695266,0.9010989010989011,0.4805998354110152,0.3627947146931898
233,Belian,13,2,Old-growth,18.139999999999997,13227.421215845305,0.9142857142857143,0.4681459355664602,0.3724443708075845
234,Belian,13,3,Old-growth,18.30666666666667,13431.485504438513,0.9142857142857143,0.4745466183059526,0.3781962522816254
235,Belian,14,1,Old-growth,19.743750000000002,4448.229346891179,0.975,0.5297365052272243,0.1249886723303732
236,Belian,14,2,Old-growth,19.529411764705884,4730.128055222177,0.9779411764705882,0.5215050389688626,0.1329344426029827
237,Belian,14,3,Old-growth,20.169230769230772,3827.8221234804623,1.0,0.5460767097208318,0.10750149297479822
238,Belian,15,1,Old-growth,20.679999999999996,4974.791083090309,1.0,0.5656923405163214,0.1398306650977612
239,Belian,15,2,Old-growth,20.939999999999998,5127.546254561376,1.0,0.5756774055899294,0.14413631625752818
240,Belian,15,3,Old-growth,19.772727272727273,5577.1820183028485,1.0,0.5308493512035223,0.15681002627979648
241,Belian,16,1,Old-growth,20.86428571428571,14936.031586036617,0.978021978021978,0.5727696668597029,0.42060431296311085
242,Belian,16,2,Old-growth,20.92142857142857,15189.733046315265,0.978021978021978,0.5749641866561004,0.42775529826962294
243,Belian,16,3,Old-growth,21.192857142857143,16247.454475907723,0.978021978021978,0.5853881556889877,0.4575688846521811
244,Belian,17,1,Old-growth,23.2076923076923,14246.753551564512,0.9743589743589743,0.6627660796638818,0.40117589859293784
245,Belian,17,2,Old-growth,23.42307692307692,14642.98102794533,0.9743589743589743,0.6710377312041487,0.412344209798256
246,Belian,17,3,Old-growth,22.16,14753.664217759482,0.9809523809523809,0.6225304032430125,0.4154639942219229
247,Belian,18,1,Old-growth,19.014999999999997,12695.230265151273,0.9315789473684211,0.5017495199487944,0.3574437095402358
248,Belian,18,2,Old-growth,19.415789473684214,12767.538206256813,0.9298245614035088,0.5171414775470787,0.3594818256150189
249,Belian,18,3,Old-growth,19.009999999999998,12653.64199049416,0.9368421052631579,0.5015574994666097,0.3562714768669608
250,Belian,19,1,Old-growth,31.811111111111117,17453.667751344114,1.0,0.993172605077875,0.49156795347776716
251,Belian,19,2,Old-growth,31.988888888888894,17699.531547606966,1.0,1.0,0.4984980215686165
252,Belian,19,3,Old-growth,30.25,17777.68417462881,1.0,0.9332195434179644,0.5007008795532915
253,Belian,20,1,Old-growth,24.96875,7262.173794510307,0.9833333333333333,0.730397909110305,0.2043042402272411
254,Belian,20,2,Old-growth,25.0875,7390.52623151333,0.9833333333333333,0.7349583955621931,0.2079220609132377
255,Belian,20,3,Old-growth,25.356250000000003,7571.609631374618,0.9833333333333333,0.7452794964796244,0.2130261889314173
256,Belian,21,1,Old-growth,21.474999999999998,12862.430234817286,0.9545454545454546,0.5962235971836994,0.3621565106609614
257,Belian,21,2,Old-growth,21.733333333333334,13348.708384378224,0.9545454545454546,0.6061446554299125,0.37586304549355104
258,Belian,21,3,Old-growth,22.150000000000002,13916.392493449288,0.9545454545454546,0.6221463622786431,0.391864138740113
259,Belian,22,1,Old-growth,23.358823529411765,11600.620384041,0.9705882352941176,0.6685701376774306,0.32659036258832913
260,Belian,22,2,Old-growth,23.96875,11817.827615321708,0.9666666666666667,0.6919938126733517,0.3327126991237615
261,Belian,22,3,Old-growth,24.368750000000002,13035.79036099786,0.9666666666666667,0.707355451248133,0.36704294573977714
262,Belian,23,1,Old-growth,21.04,8950.834863266065,0.9714285714285714,0.5795178152336248,0.2519018791099201
263,Belian,23,2,Old-growth,21.23333333333333,9083.032623053597,0.9714285714285714,0.5869426072114357,0.2556280864275925
264,Belian,23,3,Old-growth,21.386666666666667,9200.831572171652,0.9714285714285714,0.5928312353317686,0.25894844001696704
265,Belian,24,1,Old-growth,19.46875,15058.434066588317,0.975,0.519175378707062,0.424054424519207
266,Belian,24,2,Old-growth,19.60625,15547.713413540718,0.975,0.5244559419671431,0.43784555294627076
267,Belian,24,3,Old-growth,19.78125,15604.11696709576,0.975,0.5311766588436099,0.4394353781773285
268,Belian,25,1,Old-growth,17.4875,8187.320617244564,0.9916666666666667,0.44308726264134835,0.23038099724894995
269,Belian,25,2,Old-growth,17.94375,8652.27801310829,0.9916666666666667,0.4606091316407083,0.24348657221223077
270,Belian,25,3,Old-growth,17.918750000000003,8625.059940420897,0.9916666666666667,0.45964902922978457,0.24271938688485678
271,DC1,1,1,Old-growth,22.26666666666667,25262.915106781435,0.9686609686609686,0.6266268401962876,0.7116841996842954
272,DC1,1,2,Old-growth,23.756000000000004,26640.272922219374,0.9666666666666667,0.68382334115639,0.7505072537147623
273,DC1,2,1,Old-growth,19.183333333333334,12321.251011563469,0.9565217391304348,0.5082142095156816,0.3469025004182644
274,DC1,2,2,Old-growth,20.321739130434782,13383.349298566694,0.9565217391304348,0.5519336555319523,0.37683945559420173
275,DC1,3,1,Old-growth,14.125925925925925,3366.4341890953915,0.962962962962963,0.3139890477206456,0.09449652904685789
276,DC1,3,2,Old-growth,14.723999999999998,4219.133918674399,0.9566666666666667,0.33695754213782786,0.11853124776857547
277,DC1,4,1,Old-growth,13.533333333333335,11784.011061996469,0.98005698005698,0.29123106464689563,0.3317595249651261
278,DC1,4,2,Old-growth,12.872,10914.684929664429,0.9766666666666667,0.2658331555365905,0.30725616423537083
279,DC1,5,1,Old-growth,14.309090909090907,5070.202928440922,0.974025974025974,0.3210233333979865,0.1425200020192754
280,DC1,5,2,Old-growth,15.243478260869566,5701.15667786329,0.9762845849802372,0.35690763536516357,0.16030445223983172
281,DC1,6,1,Old-growth,21.950000000000003,13191.500214821202,0.9803921568627451,0.6144655429912524,0.3714318793925314
282,DC1,6,2,Old-growth,23.42222222222222,14195.760806423114,0.9803921568627451,0.6710049071901001,0.39973858573378307
283,DC1,7,1,Old-growth,16.83333333333333,5101.401806457278,0.9714285714285714,0.41796458288884125,0.1433993927726025
284,DC1,7,2,Old-growth,16.833333333333332,5438.765766391121,0.9714285714285714,0.41796458288884136,0.15290854072068266
285,DC1,8,1,Old-growth,17.91,14829.139370591396,0.9842105263157894,0.4593129933859611,0.41759138327327083
286,DC1,8,2,Old-growth,18.515,15681.084406072208,0.9842105263157894,0.4825474717303178,0.4416048297232357
287,DC1,9,1,Old-growth,17.580000000000002,8825.075033038129,0.9540229885057472,0.4466396415617666,0.24835713523212893
288,DC1,9,2,Old-growth,18.1,9347.951561725564,0.9470899470899471,0.46660977170898227,0.2630952544753416
289,DC1,10,1,Old-growth,17.124137931034483,9641.09933171504,0.9753694581280788,0.4291326707032657,0.27135809771451375
290,DC1,10,2,Old-growth,17.842857142857145,10629.990185550383,0.9735449735449735,0.4567344326251943,0.2992315831794923
291,DC1,11,1,Old-growth,21.7,2487.4705912830204,0.9090909090909091,0.604864518882014,0.06972152079104511
292,DC1,11,2,Old-growth,24.08,3008.6268880983907,0.8888888888888888,0.6962662684019627,0.08441115252130683
293,DC1,12,1,Old-growth,21.333333333333332,12344.208822496954,0.9696969696969697,0.590783016855131,0.3475496033891134
294,DC1,12,2,Old-growth,21.725000000000005,12676.272003055747,0.9696969696969697,0.605824621292938,0.3569093403114059
295,DC1,13,1,Old-growth,19.81875,4293.407229712612,0.95,0.5326168124599957,0.12062476096836909
296,DC1,13,2,Old-growth,20.45625,4730.827677836573,0.95,0.5570994239385534,0.13295416259604126
297,DC1,14,1,Old-growth,16.693333333333335,6012.8297584881775,0.9904761904761905,0.41258800938766804,0.16908946127184912
298,DC1,14,2,Old-growth,17.38,6837.801810025028,0.9904761904761905,0.4389588222743758,0.19234263061641538
299,DC1,15,1,Old-growth,16.27058823529412,3724.9757820333807,0.9926470588235294,0.3963528658743207,0.10460260277641767
300,DC1,15,2,Old-growth,17.723529411764705,5941.982283624115,0.9926470588235294,0.4521517589327174,0.16709251079627854
301,DC1,16,1,Old-growth,12.376470588235295,760.687161189489,0.9926470588235294,0.24680279621983203,0.021049341598363375
302,DC1,16,2,Old-growth,13.023529411764706,886.090260865601,0.9926470588235294,0.27165250567903704,0.024584030449543076
303,DC1,17,1,Old-growth,17.973684210526315,3586.237477935623,0.9883040935672515,0.4617587279485249,0.10069203965642695
304,DC1,17,2,Old-growth,18.772222222222222,3818.118745306092,0.9869281045751634,0.49242585875826744,0.10722798759303084
305,DC1,18,1,Old-growth,15.258823529411764,3474.557804337389,0.9779411764705882,0.3574969565381091,0.0975441677282958
306,DC1,18,2,Old-growth,15.647058823529415,3608.415301945317,0.9779411764705882,0.3724067822136322,0.10131715743639379
307,DC1,19,1,Old-growth,23.572727272727274,19238.39403685006,0.9636363636363636,0.6767849176639447,0.541873345609848
308,DC1,19,2,Old-growth,24.009999999999998,19601.62185638036,0.9555555555555556,0.693577981651376,0.5521115082027032
309,DC1,20,1,Old-growth,25.52142857142857,7436.4421623768785,0.989010989010989,0.7516230302660852,0.20921627556450315
310,DC1,20,2,Old-growth,26.571428571428573,8184.095450910416,0.989010989010989,0.7919473315248864,0.23029009072818643
311,DC1,21,1,Old-growth,21.676923076923075,18890.95164239356,1.0,0.6039782705026996,0.5320801207112252
312,DC1,21,2,Old-growth,22.36923076923077,20065.06967770016,1.0,0.6305657218821289,0.5651745333699725
313,DC1,22,1,Old-growth,20.907692307692308,16566.195384979328,0.9743589743589743,0.5744366578588894,0.466553111841303
314,DC1,22,2,Old-growth,23.430769230769233,16969.177535517985,0.9743589743589743,0.671333147330587,0.47791181444444725
315,DC1,23,1,Old-growth,13.347058823529412,3237.1172371878847,0.9926470588235294,0.2840773604086396,0.09085152195088833
316,DC1,23,2,Old-growth,13.7,3370.093014721407,0.9934640522875817,0.29763174738638776,0.09459965895498688
317,DC1,24,1,Old-growth,19.849999999999998,2830.0966708502738,0.975,0.5338169404736504,0.07937899007767134
318,DC1,24,2,Old-growth,20.380000000000003,2760.3118187916725,0.9714285714285714,0.5541711115852358,0.07741199134167638
319,DC1,25,1,Old-growth,18.666666666666664,11326.53117717882,0.9848484848484849,0.4883720930232556,0.3188647157245221
320,DC1,25,2,Old-growth,19.633333333333336,12223.939382900082,0.9848484848484849,0.5254960529123107,0.3441596150365235
321,DC2,1,1,Old-growth,15.054999999999998,2575.861192987964,0.968421052631579,0.34966929805845937,0.07221295262329228
322,DC2,1,2,Old-growth,15.895454545454545,3450.604970744359,0.974025974025974,0.3819461954729716,0.09686901843713698
323,DC2,2,1,Old-growth,18.886666666666667,13907.1798098341,0.9809523809523809,0.49682099423938547,0.39160446437681456
324,DC2,2,2,Old-growth,18.75625,14308.559454209935,0.9833333333333333,0.49181245999573286,0.4029179977562131
325,DC2,3,1,Old-growth,16.853846153846153,13287.717461245264,0.858974358974359,0.4187523592260096,0.37414391784377177
326,DC2,3,2,Old-growth,17.12857142857143,13567.850087045415,0.8791208791208791,0.42930293517022766,0.3820399082285781
327,DC2,4,1,Old-growth,13.1,4410.137629118637,0.9916666666666667,0.27458928952421585,0.1239149957587363
328,DC2,4,2,Old-growth,13.7125,4656.411360129798,0.9916666666666667,0.2981117985918497,0.13085661852238317
329,DC2,5,1,Old-growth,17.283333333333335,7461.643483337105,1.0,0.43524642628547044,0.20992661548802324
330,DC2,5,2,Old-growth,17.783333333333335,7620.553710396221,1.0,0.4544484745039471,0.21440575682803026
331,DC2,6,1,Old-growth,14.335000000000003,13414.795015382842,0.9947368421052631,0.3220183486238532,0.37772580389766847
332,DC2,6,2,Old-growth,15.210000000000003,13934.61165092659,0.9947368421052631,0.35562193300618733,0.3923776751118553
333,DC2,7,1,Old-growth,15.605882352941178,4594.669156201001,0.9926470588235294,0.37082543706622817,0.12911631481028957
334,DC2,7,2,Old-growth,15.78823529411765,4703.528119981368,0.9926470588235294,0.37782853700473146,0.13218468047763948
335,DC2,8,1,Old-growth,19.983333333333334,9929.608433177116,0.9848484848484849,0.5389374866652442,0.27949019259124136
336,DC2,8,2,Old-growth,20.599999999999998,11058.264969729049,0.9848484848484849,0.5626200128013653,0.3113031995014777
337,DC2,9,1,Old-growth,16.24,12369.496796943691,0.9619047619047619,0.3951781523362491,0.3482623857810691
338,DC2,9,2,Old-growth,16.619999999999997,12457.363557617948,0.9619047619047619,0.40977170898229126,0.3507390523080268
339,DC2,10,1,Old-growth,15.304999999999996,19607.957617023654,0.9894736842105263,0.35927032216769766,0.5522900918467075
340,DC2,10,2,Old-growth,16.93,20273.645339828752,0.9894736842105263,0.42167697887774686,0.5710535751915662
341,DC2,11,1,Old-growth,13.182758620689654,2754.601273066897,0.9926108374384236,0.27776755957417054,0.0772510303896772
342,DC2,11,2,Old-growth,14.058620689655172,3177.972954431411,0.9926108374384236,0.31140425093619173,0.08918444484186731
343,DC2,12,1,Old-growth,25.171428571428574,18045.78998624791,0.989010989010989,0.7381815965131518,0.5082578747608593
344,DC2,12,2,Old-growth,26.1,17596.497784728337,1.0,0.7738425432046084,0.49559384859456074
345,DC2,13,1,Old-growth,20.558333333333334,10990.907297638982,0.9848484848484849,0.5610198421164924,0.3094046147520329
346,DC2,13,2,Old-growth,19.99230769230769,11080.984852875565,0.9871794871794872,0.5392821388127552,0.311943596093472
347,DC2,14,1,Old-growth,16.490000000000002,9240.852909499288,1.0,0.40477917644548755,0.2600765060314967
348,DC2,14,2,Old-growth,16.79,9335.745267442348,1.0,0.4163004053765734,0.2627512003616192
349,DC2,15,1,Old-growth,11.142857142857144,1100.934097330119,0.967032967032967,0.19942698649760737,0.030639750885937254
350,DC2,15,2,Old-growth,11.792307692307691,1287.5257523124537,0.9743589743589743,0.22436854802973846,0.03589913796881384
351,DC2,16,1,Old-growth,18.291666666666668,8331.85445548798,0.9818840579710145,0.4739705568593983,0.2344549168568122
352,DC2,16,2,Old-growth,19.054166666666664,8896.498196352919,0.9818840579710145,0.503253680392575,0.25037031241624014
353,DC2,17,1,Old-growth,18.792857142857144,26632.3963222369,0.967032967032967,0.4932183242402999,0.7502852390260093
354,DC2,17,2,Old-growth,19.392857142857142,27091.960846102702,0.967032967032967,0.5162607821024717,0.763238807184226
355,DC2,18,1,Old-growth,18.12142857142857,17936.071975097195,0.978021978021978,0.46743271663263114,0.5051652954562831
356,DC2,18,2,Old-growth,18.642857142857142,18075.005602051555,0.978021978021978,0.48745770977475683,0.5090813640663725
357,DC2,19,1,Old-growth,15.557142857142859,5629.5499057899315,0.9857142857142858,0.36895364076930104,0.1582860997463895
358,DC2,19,2,Old-growth,16.490000000000002,6900.863527541234,0.9842105263157894,0.40477917644548755,0.19412012694957212
359,DC2,20,1,Old-growth,11.294117647058824,1333.0911338645567,0.9852941176470589,0.20523600948807086,0.03718347182170861
360,DC2,20,2,Old-growth,11.572222222222223,1554.889072793749,0.9869281045751634,0.21591636441220394,0.04343520486477145
361,DC2,21,1,Old-growth,15.5,1835.5897550977247,0.9777777777777777,0.3667591209729037,0.05134720683937177
362,DC2,21,2,Old-growth,16.330000000000002,2133.1014461293225,0.9777777777777777,0.398634521015575,0.059733054239484565
363,DC2,22,1,Old-growth,9.775,954.8889546850505,0.9848484848484849,0.14689566887134625,0.02652323272323024
364,DC2,22,2,Old-growth,9.75,910.650056847388,1.0,0.1459355664604224,0.02527628795568355
365,DC2,23,1,Old-growth,13.505263157894735,3867.8205952521917,0.9649122807017544,0.29015305492234944,0.10862891448671393
366,DC2,23,2,Old-growth,15.247058823529414,4667.842053884553,0.9558823529411765,0.3570451436388509,0.13117881108285845
367,DC2,24,1,Old-growth,7.658333333333332,736.6659944242076,1.0,0.06560699807979511,0.020372266226407938
368,DC2,24,2,Old-growth,8.015384615384615,809.4783780589829,1.0,0.07931922994863039,0.02242460082839454
369,DC2,25,1,Old-growth,11.86,712.6079444051446,1.0,0.22696820994239378,0.019694151240389736
370,DC2,25,2,Old-growth,12.644444444444444,820.4442661034035,1.0,0.25709409003627043,0.022733692089408095
371,E,1,1,Logged,10.328571428571427,1225.0478924932524,0.967032967032967,0.16815507939894533,0.03413809860759487
372,E,1,2,Logged,10.907142857142858,1414.5457294409389,0.967032967032967,0.19037459233746837,0.03947940112174037
373,E,1,3,Logged,10.107692307692306,1696.3881036824923,0.9871794871794872,0.15967241633979407,0.04742358352707694
374,E,1,4,Logged,10.276923076923076,1790.8457469644952,0.9871794871794872,0.16617157112143235,0.050086024722549284
375,E,2,1,Logged,8.830769230769231,541.8759774500414,0.9487179487179487,0.11063333935106923,0.014881795072999544
376,E,2,2,Logged,9.56923076923077,675.8986397010132,0.9615384615384616,0.13899328748912707,0.018659440213250993
377,E,2,3,Logged,8.988888888888887,655.4250872437085,0.9722222222222222,0.11670578195007457,0.0180823600788541
378,E,2,4,Logged,9.075,693.9477845085339,0.9642857142857143,0.12001280136547893,0.019168184503378174
379,E,3,1,Logged,14.334615384615386,5549.9504436892685,0.9353846153846154,0.3220035778175313,0.15604246037883157
380,E,3,2,Logged,15.13846153846154,6381.889021656649,0.9353846153846154,0.3528745630303129,0.17949199251960493
381,E,3,3,Logged,16.09,7668.295861827635,0.9421052631578948,0.38941753787070615,0.21575144645477637
382,E,3,4,Logged,17.07777777777778,9437.800895314194,0.934640522875817,0.4273522509067634,0.2656278030211265
383,E,4,1,Logged,13.421052631578947,4664.169311018017,0.9532163742690059,0.28691902574871136,0.13107528889483339
384,E,4,2,Logged,14.329411764705881,5134.953977850131,0.9632352941176471,0.32180373749670543,0.1443451148995794
385,E,4,3,Logged,14.878571428571428,5675.166039733252,0.945054945054945,0.3428937181870827,0.15957186413737995
386,E,4,4,Logged,15.14341220048657,5810.554086033433,0.9615384615384616,0.35306468873214897,0.16338799483172683
387,E,5,1,Logged,14.477419354838709,4735.180090308378,0.9763440860215054,0.3274878352615676,0.1330768423693448
388,E,5,2,Logged,14.828125,5434.373242180747,0.9778225806451613,0.3409563686793257,0.15278473033325965
389,E,5,3,Logged,15.133333333333333,6797.42464916334,0.9829545454545454,0.35267761894602084,0.1912045351410347
390,E,5,4,Logged,14.926666666666666,6560.554340482321,0.9839080459770115,0.3447407723490505,0.18452796301935065
391,E,6,1,Logged,13.61304347826087,5430.805405807546,0.9762845849802372,0.2942922607396962,0.15268416510414043
392,E,6,2,Logged,13.700000000000001,5821.090107207379,0.9782608695652174,0.29763174738638787,0.16368496960089546
393,E,6,3,Logged,14.248148148148148,7816.18917578246,0.9829059829059829,0.3186828817296066,0.21992005831006783
394,E,6,4,Logged,14.429629629629629,8227.441774077513,0.9829059829059829,0.32565251404594253,0.23151187683741414
395,E,7,1,Logged,13.054545454545456,2521.9592626258604,0.9810606060606061,0.27284364877708167,0.07069363968126709
396,E,7,2,Logged,13.7,2969.497965922196,0.9810606060606061,0.29763174738638776,0.08330824066879207
397,E,7,3,Logged,14.292857142857144,4569.260414843224,0.983739837398374,0.32039989027401017,0.1284001284079454
398,E,7,4,Logged,14.842105263157897,4732.761701412492,0.9800853485064012,0.3414932680538556,0.13300867617337211
399,E,8,1,Logged,13.865384615384613,2280.4770402093045,0.9353846153846154,0.3039831941048069,0.06388707332414782
400,E,8,2,Logged,14.338461538461537,2554.5843353712767,0.9353846153846154,0.32215128588075026,0.07161323003589144
401,E,8,3,Logged,15.223076923076924,3063.3558193094937,0.9353846153846154,0.3561241404211321,0.08595377581760895
402,E,8,4,Logged,15.670833333333334,3156.3646693183896,0.9384057971014492,0.37331982078088327,0.08857538043533049
403,E,9,1,Logged,13.486363636363636,3543.029136463168,0.9826839826839827,0.28942723587485686,0.09947414278406004
404,E,9,2,Logged,13.5,3801.7473009392907,0.9782608695652174,0.28995092809899714,0.10676653199878715
405,E,9,3,Logged,13.708695652173914,4248.734486465377,0.9762845849802372,0.297965696051057,0.11936558756742886
406,E,9,4,Logged,13.754545454545456,4283.800472251469,0.974025974025974,0.29972651628294894,0.12035397899741626
407,E,10,1,Logged,12.911764705882355,8492.802279447647,0.7867647058823529,0.26736028313608357,0.2389914911555433
408,E,10,2,Logged,13.435294117647059,9260.700023535417,0.7941176470588236,0.28746595715307666,0.2606359289874905
409,E,10,3,Logged,15.771428571428572,8792.77432050829,0.8571428571428572,0.3771830900057911,0.24744668749392099
410,E,10,4,Logged,16.25,8952.798821539263,0.8928571428571429,0.39556219330061865,0.251957236445029
411,E,11,1,Logged,13.235714285714286,4049.5491815723312,0.9894179894179894,0.2798012740406595,0.1137512281270107
412,E,11,2,Logged,13.44074074074074,4189.035081905931,0.9914529914529915,0.28767512979162213,0.11768286345404289
413,E,11,3,Logged,13.648148148148149,4502.4974212697325,0.9914529914529915,0.2956404238674347,0.12651830563271016
414,E,11,4,Logged,13.334835389548427,3321.918392949233,0.9933333333333333,0.2836079304712431,0.09324177945338202
415,E,12,1,Logged,17.200000000000003,3962.757891170335,1.0,0.4320460849157244,0.11130487546622496
416,E,12,2,Logged,16.719047619047622,4269.7970448003,1.0,0.41357554329604684,0.11995926978354682
417,E,12,3,Logged,17.143478260869568,4668.908551485668,1.0,0.4298754185953748,0.13120887203980613
418,E,12,4,Logged,17.449954258313824,4925.569604869494,1.0,0.4416453523568355,0.13844327825680544
419,E,13,1,Logged,14.203030303030303,3280.4194109964014,0.9109848484848485,0.31695017165467343,0.09207206363915703
420,E,13,2,Logged,14.553333333333333,2569.0162678968036,0.9402298850574713,0.3304032430125879,0.07202001735718343
421,E,13,3,Logged,16.772,3684.494193644635,0.9633333333333334,0.41560913164070823,0.10346156384256903
422,E,13,4,Logged,17.113636363636363,3403.097648729928,0.974025974025974,0.4287293674961692,0.09552994785668464
423,E,14,1,Logged,11.66,621.88422012969,0.7,0.21928739065500316,0.017136956581229035
424,E,14,2,Logged,11.466666666666669,782.4134358091608,0.8,0.21186259867719226,0.02166173172966131
425,E,14,3,Logged,12.366666666666669,1067.051950042532,0.8,0.2464262854704502,0.029684727855559357
426,E,14,4,Logged,12.399999999999999,1084.520134467049,0.8,0.2477064220183485,0.03017709683922215
427,E,15,1,Logged,13.840909090909092,3343.8484518988707,0.9826839826839827,0.30304323370250397,0.09385991357506805
428,E,15,2,Logged,14.347619047619048,3608.9653451786244,0.9857142857142858,0.3225029717455576,0.10133266129307245
429,E,15,3,Logged,13.885714285714286,3467.794042344893,0.9952380952380953,0.30476393672467916,0.09735352017517584
430,E,15,4,Logged,13.11093079859403,2584.858870823763,1.0,0.2750090769675539,0.07246656670153155
431,E,16,1,Logged,13.65925925925926,4064.059935436793,0.9886039886039886,0.2960671360500675,0.11416023715501239
432,E,16,2,Logged,13.99259259259259,4402.270293769366,0.9886039886039886,0.3088685015290519,0.1236932422086296
433,E,16,3,Logged,14.195833333333333,4375.974463581511,0.9855072463768116,0.3166737785363771,0.1229520517752385
434,E,16,4,Logged,14.581174241706409,4799.419220963297,0.9881422924901185,0.33147244794263986,0.13488752599297038
435,E,17,1,Logged,12.704,1591.9319961205247,0.7966666666666666,0.25938126733518235,0.04447931947147922
436,E,17,2,Logged,13.426086956521742,1748.0348277155335,0.782608695652174,0.2871123644493094,0.0488793298372642
437,E,17,3,Logged,13.988,2182.2187801434898,0.81,0.30869212716023037,0.0611175056078156
438,E,17,4,Logged,13.971100246672007,1985.1613610292845,0.8354978354978355,0.30804310740366136,0.05556312406394447
439,E,18,1,Logged,12.041666666666666,4416.108442079323,0.9057971014492754,0.23394495412844027,0.12408329276302986
440,E,18,2,Logged,12.124137931034479,4776.171735545066,0.9014778325123153,0.23711218851849925,0.13423225807903508
441,E,18,3,Logged,13.224137931034482,5541.743213188251,0.8251231527093597,0.27935669459914797,0.15581112633504846
442,E,18,4,Logged,13.963636363636367,5506.480874349855,0.8311688311688312,0.30775646371976645,0.1548172003772331
443,E,19,1,Logged,13.476666666666667,5042.441869352647,0.9885057471264368,0.28905483251546826,0.14173751174343927
444,E,19,2,Logged,14.033333333333333,7543.529895978115,0.9936507936507937,0.3104331128653722,0.21223471624927115
445,E,19,3,Logged,14.819444444444445,8361.789162710224,0.9920634920634921,0.3406229997866438,0.2352986749150665
446,E,19,4,Logged,15.242244676613987,9304.724338000662,0.9928698752228164,0.35686026067644916,0.26187682537620055
447,E,20,1,Logged,15.289743589743589,13079.763928510898,0.979757085020243,0.3586844135169288,0.36828241174369875
448,E,20,2,Logged,15.517500000000002,14112.925169673079,0.9782051282051282,0.36743119266055047,0.39740372955832204
449,E,20,3,Logged,15.98536585365854,15632.057453679303,0.9829268292682927,0.3853991580240104,0.44022292590683804
450,E,20,4,Logged,16.173817192672068,15611.063369606618,0.9819819819819819,0.39263646142115893,0.4396311737483658
451,E,21,1,Logged,13.55,2790.6161956795904,0.9894736842105263,0.2918711329208448,0.07826616913635873
452,E,21,2,Logged,13.754999999999999,2876.331801840096,0.9894736842105263,0.2997439726904202,0.08068220189990423
453,E,21,3,Logged,12.389285714285714,3051.7280767269253,0.9841269841269842,0.24729494955652406,0.0856260291177495
454,E,21,4,Logged,12.767857142857142,3288.525138474298,0.9841269841269842,0.26183364320765634,0.09230053665633779
455,E,22,1,Logged,12.9,3056.6619906545347,0.9567099567099567,0.2669084702368252,0.08576509944852796
456,E,22,2,Logged,12.995,2861.590704079466,0.9842105263157894,0.27055685939833574,0.08026670025725564
457,E,22,3,Logged,12.91578947368421,3193.200016542667,0.9883040935672515,0.26751485070688236,0.08961364417441882
458,E,22,4,Logged,12.28125,2872.1770906606935,0.9833333333333333,0.24314593556646036,0.08056509465675286
459,E,23,1,Logged,13.93939393939394,4175.143147661203,0.9545454545454546,0.3068254553212948,0.11729129685622365
460,E,23,2,Logged,14.042424242424241,4351.818977572443,0.9545454545454546,0.310782241014799,0.12227119039851335
461,E,23,3,Logged,13.595999999999998,3072.6595024896515,0.9866666666666667,0.2936377213569446,0.08621601515058197
462,E,23,4,Logged,13.21796950558365,2442.5368783488443,0.9857142857142858,0.27911980179327,0.06845499153809398
463,E,24,1,Logged,16.006060606060608,6102.476674659664,0.7310606060606061,0.38619392129099833,0.17161630435589098
464,E,24,2,Logged,16.69375,6482.1359867866595,0.7298387096774194,0.4126040110945167,0.18231761509930858
465,E,24,3,Logged,16.623333333333335,5892.861106420837,0.767816091954023,0.4098997226370813,0.1657079511014569
466,E,24,4,Logged,17.490743783421053,4571.936787944491,0.7707509881422925,0.44321183721267104,0.1284755663053106
467,E,25,1,Logged,11.858620689655172,1364.0331832373417,0.8251231527093597,0.22691523877489456,0.03805562344501868
468,E,25,2,Logged,12.410714285714286,1465.980241228043,0.8068783068783069,0.2481178944801731,0.04092916588711946
469,E,25,3,Logged,12.982758620689655,1820.961543088661,0.8522167487684729,0.2700867402867799,0.05093488706390629
470,E,25,4,Logged,13.703868040142796,1738.4492415365416,0.8297101449275363,0.2977802959730537,0.04860914461308382
471,LF,1,1,Logged,14.327777777777776,2751.9633257179703,0.9869281045751634,0.32174098570514176,0.07717667558418727
472,LF,1,2,Logged,14.331818181818182,3065.7799009324885,0.9913419913419913,0.3218961537715538,0.08602210247228718
473,LF,1,3,Logged,15.50952380952381,3576.3795026710977,0.9904761904761905,0.3671248742723033,0.10041417670604759
474,LF,1,4,Logged,15.734999999999996,3712.9219251795307,0.9894736842105263,0.3757840836355876,0.10426284535778078
475,LF,2,1,Logged,17.536363636363635,4182.799013112183,1.0,0.4449638264445176,0.11750708978578922
476,LF,2,2,Logged,17.754545454545454,4193.94435238168,1.0,0.45334290203076194,0.11782123916933918
477,LF,2,3,Logged,16.30666666666667,4407.74381676105,1.0,0.39773842543204607,0.12384752229217898
478,LF,2,4,Logged,16.426666666666666,4459.608097748733,1.0,0.4023469170044804,0.1253094007964193
479,LF,3,1,Logged,18.976190476190474,9371.363889071949,0.9095238095238095,0.5002590752537412,0.26375516872519006
480,LF,3,2,Logged,19.133333333333336,9764.047943047786,0.9095238095238095,0.506294004693834,0.2748236028485042
481,LF,3,3,Logged,19.228571428571424,10556.506273668696,0.9095238095238095,0.5099515376878293,0.29716032046955826
482,LF,3,4,Logged,19.38095238095238,10848.43492134401,0.9095238095238095,0.5158035904782223,0.3053888007778042
483,LF,4,1,Logged,19.76666666666667,5203.736499992283,0.8333333333333334,0.5306165991039045,0.14628386134842972
484,LF,4,2,Logged,20.016666666666662,5412.109169581168,0.8333333333333334,0.5402176232131425,0.1521571814975224
485,LF,4,3,Logged,20.775000000000002,6020.471935775609,0.8333333333333334,0.5693407296778322,0.16930486837842298
486,LF,4,4,Logged,21.016666666666666,6326.686035993776,0.8333333333333334,0.5786217196500959,0.17793600723312994
487,LF,5,1,Logged,19.237037037037037,10194.825129070066,0.9173789173789174,0.5102766517317402,0.2869657534070487
488,LF,5,2,Logged,19.536,10276.527511227025,0.9266666666666666,0.5217580541924471,0.2892686669719519
489,LF,5,3,Logged,18.735,6936.48244170396,0.9,0.4909963729464475,0.19512410355866144
490,LF,5,4,Logged,18.105555555555554,6222.660676209914,0.9084967320261438,0.46682312780029855,0.1750038844991811
491,LF,6,1,Logged,17.139130434782608,4033.3386020338726,0.9446640316205533,0.4297084442630401,0.11329430676770026
492,LF,6,2,Logged,17.3,4235.853343483718,0.9446640316205533,0.43588649455941963,0.11900251175347118
493,LF,6,3,Logged,16.666666666666668,3738.1722233342107,0.9285714285714286,0.41156390014934924,0.10497456578260943
494,LF,6,4,Logged,16.31578947368421,3241.092684129538,0.9239766081871346,0.3980887785925234,0.09096357634204304
495,LF,7,1,Logged,18.0625,2600.574135852544,0.9083333333333333,0.46516961809259644,0.0729095268216086
496,LF,7,2,Logged,18.362499999999997,2810.492725705367,0.9083333333333333,0.4766908470236823,0.07882642122951838
497,LF,7,3,Logged,18.299999999999997,3297.2678026360013,0.9281045751633987,0.4742905909963728,0.09254696276240532
498,LF,7,4,Logged,18.465555555555554,3427.6116930485055,0.9281045751633987,0.4806486025176017,0.09622091577832292
499,LF,8,1,Logged,20.70909090909091,1834.05326589334,0.9818181818181818,0.5668095505944876,0.051303898410196384
500,LF,8,2,Logged,20.163636363636364,1843.4075663929368,0.9818181818181818,0.5458618616288767,0.051567564474048935
501,LF,8,3,Logged,19.720000000000002,1792.5929697341192,0.9777777777777777,0.5288244079368466,0.05013527301752977
502,LF,8,4,Logged,19.333333333333336,1420.517989640705,0.9722222222222222,0.5139748239812246,0.03964773891880425
503,LF,9,1,Logged,17.780000000000005,2312.1215796389697,0.9142857142857143,0.45432046084915734,0.06477902576401291
504,LF,9,2,Logged,18.193333333333335,2558.7931699699866,0.9142857142857143,0.4701941540430979,0.07173186283500839
505,LF,9,3,Logged,19.346153846153847,2993.4224776988226,0.8846153846153846,0.5144671841919548,0.08398259166382468
506,LF,9,4,Logged,19.584615384615383,3143.0461305512417,0.8846153846153846,0.5236250841115359,0.08819997591490132
507,LF,10,1,Logged,16.26923076923077,1348.6774365986805,0.8846153846153846,0.396300733616714,0.037622796931276965
508,LF,10,2,Logged,16.066666666666666,1085.1157778160878,0.9090909090909091,0.3885214422871772,0.030193886008792633
509,LF,10,3,Logged,14.528571428571427,1000.825596977635,0.967032967032967,0.329452284434149,0.02781803115956553
510,LF,10,4,Logged,14.954545454545457,930.299631228647,0.9818181818181818,0.3458114320072929,0.025830142937540056
511,LF,11,1,Logged,16.51875,1615.805298068335,0.9916666666666667,0.40588329421804986,0.04515222703479878
512,LF,11,2,Logged,16.99375,1798.4219339923818,0.9916666666666667,0.4241252400256026,0.050299571787104216
513,LF,11,3,Logged,16.48125,1746.2323135115275,1.0,0.4044431406016641,0.04882852306392727
514,LF,11,4,Logged,16.725,1840.0990655075148,1.0,0.41380413910817154,0.05147430903439853
515,LF,12,1,Logged,18.38,4145.719163033145,0.9428571428571428,0.4773629187113291,0.11646193433894378
516,LF,12,2,Logged,17.740000000000002,4006.5935738577737,0.9428571428571428,0.4527842969916791,0.11254045496369616
517,LF,12,3,Logged,18.58666666666667,4564.760850488341,0.9428571428571428,0.4852997653082996,0.12827330092121303
518,LF,12,4,Logged,18.68,4868.771770530698,0.9428571428571428,0.4888841476424151,0.13684233958521744
519,LF,13,1,Logged,17.6,3198.4035089057975,1.0,0.4474077234905056,0.08976031300868735
520,LF,13,2,Logged,18.018181818181816,3410.371710109439,1.0,0.46346761836414047,0.09573497902200162
521,LF,13,3,Logged,17.477777777777774,1562.1722832301582,1.0,0.4427138894815445,0.04364049391102997
522,LF,13,4,Logged,17.96666666666667,1706.0955350703678,1.0,0.4614892255173885,0.04769720315521163
523,LF,14,1,Logged,14.646666666666667,1700.3995812215246,0.9904761904761905,0.3339876253467035,0.04753665349879692
524,LF,14,2,Logged,15.023529411764706,2075.9443327571917,0.9705882352941176,0.34846069855294365,0.05812198870821867
525,LF,14,3,Logged,12.214285714285712,1424.5345402945418,0.967032967032967,0.24057423268005715,0.03976095188445648
526,LF,14,4,Logged,12.507142857142853,1533.8517906206512,0.967032967032967,0.2518211466365934,0.04284223509808764
527,LF,15,1,Logged,20.685714285714287,5768.890193667729,0.9571428571428572,0.5659117924959615,0.16221363075123627
528,LF,15,2,Logged,20.96666666666667,6022.366691885379,0.9571428571428572,0.5767015148282483,0.1693582751388157
529,LF,15,3,Logged,20.281818181818185,6430.262545620352,0.961038961038961,0.5504005275714258,0.18085547840064292
530,LF,15,4,Logged,20.599999999999998,6560.418370217513,0.9666666666666667,0.5626200128013653,0.18452413047788757
531,LF,16,1,Logged,19.524,5839.797160576562,0.9933333333333333,0.5212972050352037,0.16421225810614976
532,LF,16,2,Logged,19.995833333333334,6117.555762819965,0.9927536231884058,0.5394175378707061,0.17204133280370315
533,LF,16,3,Logged,18.921739130434784,4684.279003806876,0.9920948616600791,0.49816792052021774,0.13164211305695553
534,LF,16,4,Logged,18.540000000000003,3561.3596496636496,0.9947368421052631,0.48350757414124174,0.09999081789666484
535,LF,17,1,Logged,21.87692307692308,6123.852245139206,0.9871794871794872,0.6116590897900904,0.1722188093247218
536,LF,17,2,Logged,20.299999999999997,6363.0719439903805,0.9916666666666667,0.5510987838702793,0.17896160280188242
537,LF,17,3,Logged,20.333333333333332,6784.360162331243,0.9934640522875817,0.5523789204181778,0.1908362914846094
538,LF,17,4,Logged,20.357894736842105,7564.909549000111,0.9941520467836258,0.5533221789271556,0.21283733629115306
539,LF,18,1,Logged,19.224999999999998,3057.26395438026,0.9736842105263158,0.5098143802005546,0.0857820667681208
540,LF,18,2,Logged,19.565,3171.8080706721807,0.9736842105263158,0.5228717729891188,0.0890106776387531
541,LF,18,3,Logged,19.422727272727276,3369.5086074145206,0.9783549783549783,0.5174079174505887,0.09458318649140715
542,LF,18,4,Logged,19.65796802817939,3540.315098378363,0.9783549783549783,0.5264421261088734,0.09939764323831664
543,LF,19,1,Logged,19.464285714285715,5701.341229629149,0.9708994708994709,0.5190039318479684,0.16030965412934586
544,LF,19,2,Logged,19.574999999999996,5916.389283509993,0.9708994708994709,0.5232558139534881,0.1663711307633665
545,LF,19,3,Logged,19.025806451612905,6180.158216287867,0.9698924731182795,0.5021645319586777,0.17380588403809052
546,LF,19,4,Logged,19.112903225806452,6315.389359587065,0.9698924731182795,0.5055094048741542,0.1776175921680054
547,LF,20,1,Logged,19.376190476190477,3213.39167090056,0.9619047619047619,0.5156207138285226,0.09018277855570647
548,LF,20,2,Logged,19.695238095238096,3316.379777648112,0.9666666666666667,0.5278734493584077,0.09308566463798744
549,LF,20,3,Logged,20.11,3293.672821691797,0.9578947368421052,0.5438020055472582,0.09244563241972238
550,LF,20,4,Logged,20.4,3436.854852529708,0.9578947368421052,0.5549391935139747,0.09648144915311402
551,LF,21,1,Logged,22.595,3372.8176996865263,0.9947368421052631,0.6392361851930871,0.09467645860024333
552,LF,21,2,Logged,22.576190476190476,3590.238507306676,0.9952380952380953,0.638513822426773,0.10080481512966191
553,LF,21,3,Logged,23.290476190476188,3952.1697122612723,0.9952380952380953,0.6659453198817396,0.11100643054707367
554,LF,21,4,Logged,23.49523809523809,4114.816977467511,0.9952380952380953,0.6738090158188299,0.11559090634140583
555,LF,22,1,Logged,17.616666666666664,2002.2969342483243,1.0,0.4480477917644547,0.05604611786371776
556,LF,22,2,Logged,17.966666666666665,2166.3168016238187,1.0,0.46148922551738836,0.06066928266651387
557,LF,22,3,Logged,18.277272727272727,2195.3006496849935,1.0,0.47341777062280577,0.061486239223973164
558,LF,22,4,Logged,18.690476190476186,2260.2628293886014,1.0,0.4892864762717545,0.06331730315253423
559,LF,23,1,Logged,19.116666666666667,7181.537912905265,0.9563218390804598,0.5056539364198848,0.20203138770245874
560,LF,23,2,Logged,19.348275862068967,7266.676958533906,0.9532019704433498,0.5145486782957998,0.2044311691764486
561,LF,23,3,Logged,19.075000000000003,7842.776018485849,0.9616935483870968,0.5040537657350117,0.22066945140110353
562,LF,23,4,Logged,19.174184871314747,8040.078548106972,0.9616935483870968,0.5078628710980699,0.226230741780389
563,LF,24,1,Logged,20.449999999999996,6313.805200454474,0.9973544973544973,0.5568593983358222,0.1775729400849315
564,LF,24,2,Logged,20.592857142857145,7134.356405495697,0.9973544973544973,0.5623456978268158,0.2007015007327332
565,LF,24,3,Logged,20.477777777777778,6562.823827312998,0.9971509971509972,0.5579261787924045,0.18459193217018513
566,LF,24,4,Logged,20.372,4540.646013232524,0.9966666666666667,0.55386387881374,0.12759358529523326
567,LF,25,1,Logged,20.86,3574.9552978834004,0.9052631578947369,0.5726050778749732,0.10037403319446077
568,LF,25,2,Logged,20.114285714285714,2423.7239127678245,0.9142857142857143,0.543966594531988,0.06792471772613393
569,LF,25,3,Logged,21.710526315789473,2655.0331382975055,0.9298245614035088,0.6052687725287187,0.07444454173978644
570,LF,25,4,Logged,22.706111111111113,2955.829827325775,0.9477124183006536,0.6435033070194154,0.0829229821126804
571,Seraya,1,1,Old-growth,16.75625,9125.862988469491,0.95,0.4150042671218263,0.256835329434492
572,Seraya,1,2,Old-growth,16.99375,9401.629072848777,0.95,0.4241252400256026,0.2646082417987517
573,Seraya,1,3,Old-growth,18.123076923076923,10734.775448033348,0.9358974358974359,0.4674960200882965,0.30218512499802064
574,Seraya,2,1,Old-growth,26.175,11711.943471805298,0.8333333333333334,0.7767228504373799,0.3297281835689561
575,Seraya,2,2,Old-growth,27.193333333333335,12419.175233259182,0.8095238095238095,0.8158310219756774,0.3496626527237678
576,Seraya,2,3,Old-growth,28.90714285714285,14137.917132634464,0.7802197802197802,0.881648328202627,0.3981081683885971
577,Seraya,3,1,Old-growth,26.725,9365.774274657586,0.9105263157894736,0.7978451034777042,0.2635976164174411
578,Seraya,3,2,Old-growth,27.075000000000006,9814.043977702337,0.9105263157894736,0.811286537230638,0.2762328218132113
579,Seraya,3,3,Old-growth,26.275000000000006,9635.817321606504,0.9052631578947369,0.7805632600810753,0.27120921573080936
580,Seraya,4,1,Old-growth,18.3,14005.32608731864,0.9809523809523809,0.4742905909963729,0.3943708756832766
581,Seraya,4,2,Old-growth,18.439999999999998,14325.164985170268,0.9809523809523809,0.4796671644975462,0.40338605145907214
582,Seraya,4,3,Old-growth,18.375,15235.386667152565,0.9833333333333333,0.4771708982291444,0.42904211928924985
583,Seraya,5,1,Old-growth,17.052941176470586,7197.382342508054,0.9926470588235294,0.42639842367499575,0.20247798853461463
584,Seraya,5,2,Old-growth,17.494117647058825,7557.935544030735,0.9926470588235294,0.4433414073971812,0.21264076270025306
585,Seraya,5,3,Old-growth,16.885714285714286,6473.715821455421,0.989010989010989,0.41997622603553897,0.18208027914351252
586,Seraya,6,1,Old-growth,18.248387096774195,8403.416973050485,0.9634408602150537,0.4723084440834979,0.2364720219654088
587,Seraya,6,2,Old-growth,18.545161290322582,8975.721139571731,0.9634408602150537,0.4837057888325292,0.25260333899115284
588,Seraya,6,3,Old-growth,18.08823529411765,9197.349180377536,0.9518716577540107,0.466157958809724,0.2588502831812756
589,Seraya,7,1,Old-growth,19.80526315789474,6127.246081616544,0.9707602339181287,0.5320988624751553,0.17231447008582065
590,Seraya,7,2,Old-growth,20.189473684210526,6496.79781195856,0.9707602339181287,0.5468541205798793,0.18273088231604337
591,Seraya,7,3,Old-growth,19.89047619047619,7191.234916734584,0.9714285714285714,0.5353713919960985,0.20230471341301826
592,Seraya,8,1,Old-growth,15.244444444444447,2378.086531104502,0.9738562091503268,0.3569447407723491,0.06663835443384676
593,Seraya,8,2,Old-growth,15.5,2541.44728116354,0.9738562091503268,0.3667591209729037,0.07124294095081012
594,Seraya,8,3,Old-growth,15.788888888888891,2707.94674966373,0.9738562091503268,0.377853637721357,0.07593599731508653
595,Seraya,9,1,Old-growth,22.07857142857143,6502.18024576497,0.989010989010989,0.6194032125331463,0.18288259490382525
596,Seraya,9,2,Old-growth,22.392857142857142,6918.68718645071,0.989010989010989,0.6314730714133315,0.19462251555557364
597,Seraya,9,3,Old-growth,22.666666666666668,7129.003065503843,0.9904761904761905,0.6419884787710688,0.20055060820109202
598,Seraya,10,1,Old-growth,20.145000000000003,7125.230451940767,0.8,0.5451461489225518,0.20044427099622505
599,Seraya,10,2,Old-growth,20.33,7415.378162357077,0.8,0.552250906763388,0.208622552712169
600,Seraya,10,3,Old-growth,20.621052631578944,9036.327660875411,0.7836257309941521,0.5634285200947748,0.25431163165468507
601,Seraya,11,1,Old-growth,19.759999999999998,4816.819091216252,1.0,0.5303605717943246,0.13537796943140162
602,Seraya,11,2,Old-growth,20.11,5047.914916761528,1.0,0.5438020055472582,0.1418917784219194
603,Seraya,11,3,Old-growth,21.37777777777778,5762.473943124635,1.0,0.5924898655856624,0.16203277836944008
604,Seraya,12,1,Old-growth,23.12857142857143,5143.293487951529,0.8901098901098901,0.6597275137919473,0.1445801774574894
605,Seraya,12,2,Old-growth,26.090909090909097,5124.08258855194,0.8727272727272728,0.7734934150551818,0.14403868723831426
606,Seraya,12,3,Old-growth,24.85,4784.805728778469,0.9111111111111111,0.7258374226584168,0.13447562111951886
607,Seraya,13,1,Old-growth,29.182352941176468,9543.935313995627,0.875,0.892217522810276,0.2686193729855742
608,Seraya,13,2,Old-growth,29.582352941176474,10262.559975721444,0.875,0.9075791613850575,0.28887496943052315
609,Seraya,13,3,Old-growth,30.775000000000002,11140.694926678396,0.8583333333333334,0.953381694047365,0.3136266209367103
610,Seraya,14,1,Old-growth,21.615,5977.0220194261765,0.968421052631579,0.6016001706848729,0.16808016232808054
611,Seraya,14,2,Old-growth,21.81,6193.356821012492,0.968421052631579,0.6090889694900787,0.17417790802387523
612,Seraya,14,3,Old-growth,22.055,6680.1929300379325,0.968421052631579,0.6184979731171324,0.18790016984490202
613,Seraya,15,1,Old-growth,21.459090909090904,8633.742520829548,0.9913419913419913,0.5956126229222023,0.24296411943332805
614,Seraya,15,2,Old-growth,21.786363636363635,8879.118190447418,0.9913419913419913,0.608181236301569,0.24988042888651657
615,Seraya,15,3,Old-growth,22.4,10052.962320197876,0.9913419913419913,0.6317473863878812,0.282967121074892
616,Seraya,16,1,Old-growth,18.57777777777778,7325.767876006791,0.9743589743589743,0.4849583955621933,0.20609674209878343
617,Seraya,16,2,Old-growth,18.937037037037037,7671.037983134341,0.9743589743589743,0.4987554228006542,0.21582873757147467
618,Seraya,16,3,Old-growth,19.340740740740742,8832.760618015076,0.9743589743589743,0.5142592987696465,0.24857376585452162
619,Seraya,17,1,Old-growth,23.20370370370371,29897.9926993327,0.9658119658119658,0.662612900931655,0.8423313458318696
620,Seraya,17,2,Old-growth,23.540740740740738,32553.384401495427,0.9658119658119658,0.67555650380485,0.9171778485849241
621,Seraya,17,3,Old-growth,24.06153846153846,34126.83271727901,0.9692307692307692,0.6955572696985113,0.9615280299924985
622,Seraya,18,1,Old-growth,21.50526315789474,25174.247876252146,0.9824561403508771,0.5973858264179758,0.7091849706219651
623,Seraya,18,2,Old-growth,21.88421052631579,26248.68467050615,0.9824561403508771,0.6119389576993475,0.7394697065475981
624,Seraya,18,3,Old-growth,21.95263157894737,26919.5334535599,0.9824561403508771,0.6145666064029285,0.7583786627090641
625,Seraya,19,1,Old-growth,22.763157894736846,14285.294532191536,0.9941520467836258,0.645694137199196,0.4022622383635474
626,Seraya,19,2,Old-growth,23.057894736842105,14794.571894000483,0.9941520467836258,0.6570132393069295,0.41661704312988607
627,Seraya,19,3,Old-growth,23.236842105263158,15093.411526360034,0.9941520467836258,0.6638855513009105,0.42504032070053743
628,Seraya,20,1,Old-growth,24.253846153846155,9542.753358206395,0.8584615384615385,0.7029426728594639,0.26858605765316557
629,Seraya,20,2,Old-growth,24.603846153846156,10167.984275545808,0.8584615384615385,0.7163841066123976,0.2862092006108788
630,Seraya,20,3,Old-growth,25.172000000000004,10347.020133105625,0.8466666666666667,0.7382035417111159,0.2912556153431506
631,Seraya,21,1,Old-growth,25.8,12715.757272985762,0.9666666666666667,0.7623213142735223,0.3580222964007524
632,Seraya,21,2,Old-growth,26.393333333333334,13396.098094682518,0.9619047619047619,0.7851077448261147,0.37719880099804703
633,Seraya,21,3,Old-growth,28.284615384615385,15756.185438450872,0.9487179487179487,0.8577407231130294,0.44372167358552117
634,Seraya,22,1,Old-growth,20.013636363636362,7654.922714409792,0.8268398268398268,0.5401012471633336,0.21537450270135147
635,Seraya,22,2,Old-growth,20.681818181818183,8215.33098462278,0.8268398268398268,0.5657621661462071,0.23117051468149302
636,Seraya,22,3,Old-growth,20.278260869565223,9057.065290489487,0.83399209486166,0.5502639122086067,0.2548961552301476
637,Seraya,23,1,Old-growth,22.923809523809524,6844.371522431451,0.7714285714285715,0.6518638178548568,0.19252780856862242
638,Seraya,23,2,Old-growth,23.58095238095238,7632.63204224078,0.7714285714285715,0.677100795513426,0.21474620411379974
639,Seraya,23,3,Old-growth,23.54545454545454,8099.719324507258,0.7878787878787878,0.6757375332156639,0.22791181336444288
640,Seraya,24,1,Old-growth,21.238095238095237,10847.657687563451,0.9333333333333333,0.5871254838611355,0.3053668931887096
641,Seraya,24,2,Old-growth,22.140000000000004,11358.607743318085,0.9263157894736842,0.6217623213142736,0.31976884553478535
642,Seraya,24,3,Old-growth,21.18695652173913,12226.202075860598,0.9328063241106719,0.5851615476665336,0.3442233926911575
643,Seraya,25,1,Old-growth,20.459259259259262,6365.8826800408315,0.7692307692307692,0.5572149918213498,0.17904082793592455
644,Seraya,25,2,Old-growth,21.364,6621.299555680197,0.7333333333333334,0.5919607424791977,0.18624016499423807
645,Seraya,25,3,Old-growth,20.94814814814815,6982.449247105144,0.7635327635327636,0.5759903278571936,0.19641975219091662
646,Tower,1,1,Logged,9.9,771.5660682538045,0.9,0.1516961809259654,0.021355981160005574
647,Tower,1,2,Logged,10.26,794.961714703306,0.9,0.16552165564326857,0.022015425231840968
648,Tower,1,3,Logged,12.52,1021.67242610103,0.9,0.25231491359078295,0.02840563269952132
649,Tower,1,4,Logged,13.71512564556859,1042.8299126927745,1.0,0.29821263413747506,0.02900199062183725
650,Tower,2,1,Logged,15.549999999999999,4142.629879836235,1.0,0.36867932579475127,0.11637485790381212
651,Tower,2,2,Logged,16.5,4477.555687191328,0.9523809523809523,0.405163217409857,0.12581528258460586
652,Tower,2,3,Logged,17.12857142857143,4697.7973936531,0.9523809523809523,0.42930293517022766,0.13202315070274548
653,Tower,2,4,Logged,16.945062822784294,5014.861062176036,0.9285714285714286,0.42225545297656764,0.1409601021587839
654,Tower,3,1,Logged,13.066666666666668,1083.2972531364248,0.8666666666666667,0.27330915297631747,0.030142627954347394
655,Tower,3,2,Logged,14.2,1333.65455649981,0.8,0.31683379560486447,0.03719935279843467
656,Tower,3,3,Logged,15.799999999999999,1354.6380552047635,0.8333333333333334,0.37828034990398957,0.03779080659122534
657,Tower,3,4,Logged,15.95,1338.97563614911,0.8333333333333334,0.38404096436953267,0.0373493360202306
658,Tower,4,1,Logged,12.781249999999998,2577.033077238453,0.9666666666666667,0.2623479837849369,0.07224598407311908
659,Tower,4,2,Logged,12.484210526315788,3106.047855333165,0.9239766081871346,0.25094045119198666,0.08715711978722998
660,Tower,4,3,Logged,12.847368421052632,3524.5001339039154,0.9239766081871346,0.26488720200330135,0.09895187292838002
661,Tower,4,4,Logged,12.966728850406577,3917.9091890685504,0.8736842105263158,0.2694711314429664,0.11004074238085072
662,Tower,5,1,Logged,14.163636363636362,2609.7574661941844,0.8181818181818181,0.31543728300715695,0.0731683738154958
663,Tower,5,2,Logged,13.071428571428571,2925.6471283344804,0.8681318681318682,0.27349202962601715,0.08207223400598615
664,Tower,5,3,Logged,14.253846153846155,3059.1802898040996,0.8717948717948718,0.3189017084899312,0.08583608177632443
665,Tower,5,4,Logged,14.389606276837567,3727.074460321108,0.8761904761904762,0.324115453345586,0.1046617574126667
666,Tower,6,1,Logged,11.505263157894737,1661.2366024460998,0.9473684210526316,0.213344862048443,0.04643278170604209
667,Tower,6,2,Logged,11.683333333333332,1718.1101890774357,0.9477124183006536,0.22018348623853198,0.048035855578311616
668,Tower,6,3,Logged,12.294444444444444,1904.6245555393439,0.9477124183006536,0.24365265628333682,0.053293064159443175
669,Tower,6,4,Logged,12.159615594556636,2533.5456290548163,0.8893280632411067,0.23847467612976192,0.07102022012742741
670,Tower,7,1,Logged,14.169230769230769,1749.9622824841585,0.8974358974358975,0.31565213109911205,0.04893365826215488
671,Tower,7,2,Logged,14.264285714285714,1985.276646029141,0.8901098901098901,0.3193026303758114,0.055566373557814665
672,Tower,7,3,Logged,14.59285714285714,2129.8738129717226,0.8901098901098901,0.3319211192050959,0.059642078187318925
673,Tower,7,4,Logged,12.938663813139888,2594.9883537302317,0.7523809523809524,0.2683933190452698,0.07275208253319908
674,Tower,8,1,Logged,10.358333333333333,1159.7224067798393,0.9545454545454546,0.16929805845956894,0.032296794312521804
675,Tower,8,2,Logged,10.0,1288.9520610345212,0.9230769230769231,0.1555365905696607,0.03593934078318807
676,Tower,8,3,Logged,10.083333333333334,1365.7002616785282,0.9090909090909091,0.15873693193940686,0.038102612742694116
677,Tower,8,4,Logged,10.795445056508282,1793.4282814206165,0.8717948717948718,0.1860849392301025,0.050158817626180977
678,Tower,9,1,Logged,11.305882352941175,1111.7775811566619,0.6617647058823529,0.20568782238732905,0.030945391986425378
679,Tower,9,2,Logged,11.833333333333334,1316.5581562862164,0.6339869281045751,0.22594410070407506,0.03671746315307205
680,Tower,9,3,Logged,12.05,1188.5215600990496,0.6416666666666666,0.23426498826541495,0.03310854495045455
681,Tower,9,4,Logged,14.01824585630385,1914.0572760813257,0.6166666666666667,0.30985369194254164,0.05355894061881421
682,Tower,10,1,Logged,11.03076923076923,795.7917821767816,0.8717948717948718,0.1951223515123664,0.02203882202388039
683,Tower,10,2,Logged,11.808333333333335,956.3934411593401,0.8636363636363636,0.2249839982931513,0.026565639103783487
684,Tower,10,3,Logged,13.41,1118.0805643294461,0.8,0.2864945594196714,0.03112305174449799
685,Tower,10,4,Logged,14.226427042680793,1423.76865956638,0.8,0.31784870230052115,0.039739364299475256
686,Tower,11,1,Logged,11.15,384.45150004769346,0.8333333333333334,0.19970130147215698,0.010444531986089836
687,Tower,11,2,Logged,12.65,364.16501838460084,1.0,0.2573074461275869,0.009872724744088672
688,Tower,11,3,Logged,13.100000000000001,448.0673528577338,1.0,0.2745892895242159,0.01223764751725858
689,Tower,11,4,Logged,12.264672508324244,672.9517192244873,1.0,0.24250929197746185,0.018576376501264667
690,Tower,12,1,Logged,10.333333333333336,1299.7207768961127,0.9738562091503268,0.16833795604864524,0.03624287442785715
691,Tower,12,2,Logged,10.021052631578948,1296.1868417785035,0.9766081871345029,0.1563450978630703,0.03614326476036673
692,Tower,12,3,Logged,10.723529411764707,1458.5836450670654,0.9705882352941176,0.18332308387404458,0.04072068088113147
693,Tower,12,4,Logged,10.849993515086979,1746.8238210622414,0.9631578947368421,0.18817982349384596,0.04884519565934395
694,Tower,13,1,Logged,10.98709677419355,1806.4280593656765,0.7634408602150538,0.1934451502783953,0.05052523735814051
695,Tower,13,2,Logged,11.934615384615382,1921.6477729182238,0.6923076923076923,0.2298337463688433,0.053772891028441995
696,Tower,13,3,Logged,12.399999999999999,2150.4699759994887,0.71,0.2477064220183485,0.060222614298622024
697,Tower,13,4,Logged,13.440509381168598,1948.6377068120198,0.8583333333333334,0.28766624463630197,0.05453364589554558
698,Tower,14,1,Logged,11.731818181818182,7224.247805623667,0.9437229437229437,0.22204550303547527,0.20323523499185372
699,Tower,14,2,Logged,12.020833333333334,7992.371445288002,0.9492753623188406,0.2331448687860038,0.22488604005537718
700,Tower,14,3,Logged,12.709523809523809,8482.238799180754,0.9380952380952381,0.2595934042488341,0.23869374240750213
701,Tower,14,4,Logged,13.112163108969495,8990.684574817311,0.9380952380952381,0.2750564027340535,0.2530251075748203
702,Tower,15,1,Logged,8.767999999999999,1528.7181385221077,0.9566666666666667,0.10822274375933426,0.042697534824446694
703,Tower,15,2,Logged,9.204,1713.4348458644877,0.9566666666666667,0.12496692980584595,0.04790407348063677
704,Tower,15,3,Logged,9.483333333333334,1837.1250175042337,0.9528985507246377,0.1356944740772349,0.05139048068926813
705,Tower,15,4,Logged,9.834782608695651,1994.782842626001,0.9486166007905138,0.14919156594094665,0.0558343210584333
706,Tower,16,1,Logged,8.477777777777778,271.17858867413787,0.9166666666666666,0.09707702154896519,0.00725175207868024
707,Tower,16,2,Logged,8.450000000000001,310.4808971032071,0.9111111111111111,0.0960102410923832,0.008359551102696868
708,Tower,16,3,Logged,8.2625,286.5894980230722,0.8928571428571429,0.08880947301045439,0.007686133442481533
709,Tower,16,4,Logged,8.428571428571429,290.63275168668616,0.9047619047619048,0.09518729616873417,0.007800099075581352
710,Tower,17,1,Logged,9.5875,981.0552853915779,0.9666666666666667,0.13969490078941751,0.027260773004638944
711,Tower,17,2,Logged,9.22777777777778,971.6330470429315,0.9803921568627451,0.12588009387668023,0.02699519200281254
712,Tower,17,3,Logged,9.606250000000001,1022.6890074611863,0.975,0.1404149775976104,0.028434286686618467
713,Tower,17,4,Logged,9.636978018138047,1221.0552804787135,0.9705882352941176,0.14159505936950037,0.03402556039114466
714,Tower,18,1,Logged,12.842857142857142,2040.0795870238128,0.8809523809523809,0.26471395044042784,0.05711108293936934
715,Tower,18,2,Logged,13.155555555555555,1865.854388234006,0.8562091503267975,0.2767228504373799,0.05220026439224049
716,Tower,18,3,Logged,12.94,1552.5591416523323,0.819047619047619,0.2684446340943033,0.0433695319934401
717,Tower,18,4,Logged,11.407255560691912,1143.2227155369756,0.8970588235294118,0.20958096883391164,0.03183172387299767
718,Tower,19,1,Logged,12.31052631578947,2188.0005033757798,0.9532163742690059,0.24427026602135787,0.06128047281279351
719,Tower,19,2,Logged,11.604000000000001,2654.4969557083823,0.9299999999999999,0.2171367612545338,0.07442942856774472
720,Tower,19,3,Logged,12.168000000000001,3113.029327257459,0.9299999999999999,0.23879667164497545,0.08735390384631114
721,Tower,19,4,Logged,12.91304347826087,3495.866336808377,0.9169960474308301,0.2674093932338289,0.09814478312261009
722,Tower,20,1,Logged,14.014285714285714,1722.9285800374093,0.9285714285714286,0.30970160626657306,0.048171669707713784
723,Tower,20,2,Logged,14.35217391304348,2192.6162598545898,0.9407114624505929,0.3226778972365748,0.061410575362152726
724,Tower,20,3,Logged,15.223809523809527,2475.413102259885,0.9333333333333333,0.3561522752903167,0.0693816609938521
725,Tower,20,4,Logged,14.497244871018276,2692.561134335575,0.9202898550724637,0.32824921629684,0.07550232890410284
726,Tower,21,1,Logged,14.000000000000002,2796.6061417132237,0.9486166007905138,0.3091529763174738,0.07843500543720723
727,Tower,21,2,Logged,14.2125,3056.8661910453707,0.9528985507246377,0.3173138468103263,0.08577085516626348
728,Tower,21,3,Logged,14.342857142857142,2733.6711767153693,0.9761904761904762,0.32232009509585774,0.07666108182844594
729,Tower,21,4,Logged,14.82945430611822,3034.06778018056,0.9761904761904762,0.34100741947968405,0.08512824514373138
730,Tower,22,1,Logged,13.524999999999999,1155.939217907277,1.0,0.29091103050992095,0.03219015902548113
731,Tower,22,2,Logged,12.388888888888891,1092.440029693513,0.9444444444444444,0.24727970983571582,0.03040033187433529
732,Tower,22,3,Logged,13.077777777777778,1254.7373761312751,0.9444444444444444,0.2737358651589502,0.03497494464316851
733,Tower,22,4,Logged,12.109942816034781,1025.196478872421,0.9166666666666666,0.2365670379531172,0.02850496381712668
734,Tower,23,1,Logged,11.15,1015.5753488125661,0.975,0.19970130147215698,0.028233776731271917
735,Tower,23,2,Logged,11.558823529411764,1191.6886074320282,0.9779411764705882,0.215401799721382,0.033197813293326064
736,Tower,23,3,Logged,12.246666666666666,1294.2452619215317,0.9714285714285714,0.2418177938980157,0.03608853819705339
737,Tower,23,4,Logged,13.469606276837567,1732.32165239193,0.9714285714285714,0.288783684623589,0.04843642861890179
738,Tower,24,1,Logged,10.104545454545455,5301.031777290696,0.8354978354978355,0.1595515642880695,0.14902628584054653
739,Tower,24,2,Logged,10.408695652173913,5435.24557765378,0.849802371541502,0.17123217780911118,0.15280931851711618
740,Tower,24,3,Logged,10.563636363636364,5458.0533155893545,0.8354978354978355,0.17718253583412533,0.15345219143819808
741,Tower,24,4,Logged,10.909043349140825,5734.381968103464,0.849802371541502,0.19044757901543594,0.16124096069370947
742,Tower,25,1,Logged,10.099999999999998,772.0338370962929,0.9631578947368421,0.15937700021335596,0.021369165980131583
743,Tower,25,2,Logged,10.852631578947367,944.452683554484,0.9649122807017544,0.18828113595274715,0.026229069570099434
744,Tower,25,3,Logged,11.51764705882353,1067.07497241848,0.9558823529411765,0.21382045457397802,0.02968537677839939
745,Tower,25,4,Logged,12.088235294117647,1213.3958326196089,0.9558823529411765,0.2357333801880043,0.033809666485621635
